frame.time,ip.src,ip.dst,udp.srcport,udp.dstport,dns.qry.name,dns.qry.type,dns.flags.response
"Apr 10, 2025 22:36:09.098250000 GMT Daylight Time",192.168.137.107,192.168.137.1,55014,53,GB.lgtvsdp.com,1,FALSE
"Apr 10, 2025 22:36:09.098250000 GMT Daylight Time",192.168.137.107,192.168.137.1,55014,53,GB.lgtvsdp.com,28,FALSE
"Apr 10, 2025 22:36:09.153899000 GMT Daylight Time",192.168.137.1,192.168.137.107,53,55014,GB.lgtvsdp.com,28,TRUE
"Apr 10, 2025 22:36:09.169132000 GMT Daylight Time",192.168.137.1,192.168.137.107,53,55014,GB.lgtvsdp.com,1,TRUE
"Apr 10, 2025 22:36:09.340353000 GMT Daylight Time",192.168.137.107,192.168.137.1,55014,53,auth-ctv.digitaluk.co.uk,1,FALSE
"Apr 10, 2025 22:36:09.340353000 GMT Daylight Time",192.168.137.107,192.168.137.1,55014,53,auth-ctv.digitaluk.co.uk,28,FALSE
"Apr 10, 2025 22:36:09.387589000 GMT Daylight Time",192.168.137.1,192.168.137.107,53,55014,auth-ctv.digitaluk.co.uk,28,TRUE
"Apr 10, 2025 22:36:09.390028000 GMT Daylight Time",192.168.137.1,192.168.137.107,53,55014,auth-ctv.digitaluk.co.uk,1,TRUE
"Apr 10, 2025 22:36:09.651170000 GMT Daylight Time",192.168.137.107,192.168.137.1,55014,53,GB.lgtvsdp.com,1,FALSE
"Apr 10, 2025 22:36:09.651170000 GMT Daylight Time",192.168.137.107,192.168.137.1,55014,53,GB.lgtvsdp.com,28,FALSE
"Apr 10, 2025 22:36:09.652898000 GMT Daylight Time",192.168.137.1,192.168.137.107,53,55014,GB.lgtvsdp.com,1,TRUE
"Apr 10, 2025 22:36:09.665692000 GMT Daylight Time",192.168.137.1,192.168.137.107,53,55014,GB.lgtvsdp.com,28,TRUE
"Apr 10, 2025 22:36:09.813055000 GMT Daylight Time",192.168.137.107,192.168.137.1,55014,53,LG-TV-2020.prod.partner.netflix.net,1,FALSE
"Apr 10, 2025 22:36:09.813055000 GMT Daylight Time",192.168.137.107,192.168.137.1,55014,53,LG-TV-2020.prod.partner.netflix.net,28,FALSE
"Apr 10, 2025 22:36:09.973334000 GMT Daylight Time",192.168.137.1,192.168.137.107,53,55014,LG-TV-2020.prod.partner.netflix.net,28,TRUE
"Apr 10, 2025 22:36:09.973557000 GMT Daylight Time",192.168.137.1,192.168.137.107,53,55014,LG-TV-2020.prod.partner.netflix.net,1,TRUE
"Apr 10, 2025 22:36:10.773613000 GMT Daylight Time",192.168.137.107,192.168.137.1,55014,53,GB.lgtvsdp.com,1,FALSE
"Apr 10, 2025 22:36:10.773613000 GMT Daylight Time",192.168.137.107,192.168.137.1,55014,53,GB.lgtvsdp.com,28,FALSE
"Apr 10, 2025 22:36:10.774921000 GMT Daylight Time",192.168.137.1,192.168.137.107,53,55014,GB.lgtvsdp.com,1,TRUE
"Apr 10, 2025 22:36:10.792795000 GMT Daylight Time",192.168.137.1,192.168.137.107,53,55014,GB.lgtvsdp.com,28,TRUE
"Apr 10, 2025 22:36:10.941621000 GMT Daylight Time",192.168.137.107,192.168.137.1,55014,53,GB.lgtvsdp.com,1,FALSE
"Apr 10, 2025 22:36:10.941621000 GMT Daylight Time",192.168.137.107,192.168.137.1,55014,53,GB.lgtvsdp.com,28,FALSE
"Apr 10, 2025 22:36:10.944260000 GMT Daylight Time",192.168.137.1,192.168.137.107,53,55014,GB.lgtvsdp.com,1,TRUE
"Apr 10, 2025 22:36:11.027225000 GMT Daylight Time",192.168.137.1,192.168.137.107,53,55014,GB.lgtvsdp.com,28,TRUE
"Apr 10, 2025 22:36:11.779601000 GMT Daylight Time",192.168.137.107,192.168.137.1,55014,53,ngfts.lge.com,1,FALSE
"Apr 10, 2025 22:36:11.779804000 GMT Daylight Time",192.168.137.107,192.168.137.1,55014,53,ngfts.lge.com,28,FALSE
"Apr 10, 2025 22:36:11.838025000 GMT Daylight Time",192.168.137.1,192.168.137.107,53,55014,ngfts.lge.com,1,TRUE
"Apr 10, 2025 22:36:11.918848000 GMT Daylight Time",192.168.137.1,192.168.137.107,53,55014,ngfts.lge.com,28,TRUE
"Apr 10, 2025 22:36:12.290531000 GMT Daylight Time",192.168.137.107,192.168.137.1,55014,53,EIC.service.lgtvcommon.com,1,FALSE
"Apr 10, 2025 22:36:12.292527000 GMT Daylight Time",192.168.137.107,192.168.137.1,55014,53,EIC.service.lgtvcommon.com,28,FALSE
"Apr 10, 2025 22:36:12.328188000 GMT Daylight Time",192.168.137.1,192.168.137.107,53,55014,EIC.service.lgtvcommon.com,28,TRUE
"Apr 10, 2025 22:36:12.353666000 GMT Daylight Time",192.168.137.1,192.168.137.107,53,55014,EIC.service.lgtvcommon.com,1,TRUE
"Apr 10, 2025 22:36:13.396841000 GMT Daylight Time",192.168.137.107,192.168.137.1,55014,53,GB.lgtvsdp.com,1,FALSE
"Apr 10, 2025 22:36:13.396841000 GMT Daylight Time",192.168.137.107,192.168.137.1,55014,53,GB.lgtvsdp.com,28,FALSE
"Apr 10, 2025 22:36:13.398109000 GMT Daylight Time",192.168.137.1,192.168.137.107,53,55014,GB.lgtvsdp.com,1,TRUE
"Apr 10, 2025 22:36:13.463846000 GMT Daylight Time",192.168.137.1,192.168.137.107,53,55014,GB.lgtvsdp.com,28,TRUE
"Apr 10, 2025 22:36:14.526582000 GMT Daylight Time",192.168.137.107,192.168.137.1,55014,53,GB.lgtvsdp.com,1,FALSE
"Apr 10, 2025 22:36:14.526582000 GMT Daylight Time",192.168.137.107,192.168.137.1,55014,53,GB.lgtvsdp.com,28,FALSE
"Apr 10, 2025 22:36:14.527575000 GMT Daylight Time",192.168.137.1,192.168.137.107,53,55014,GB.lgtvsdp.com,1,TRUE
"Apr 10, 2025 22:36:14.572569000 GMT Daylight Time",192.168.137.107,192.168.137.1,55014,53,mediaservices.cdn-apple.com,1,FALSE
"Apr 10, 2025 22:36:14.572569000 GMT Daylight Time",192.168.137.107,192.168.137.1,55014,53,mediaservices.cdn-apple.com,28,FALSE
"Apr 10, 2025 22:36:14.581452000 GMT Daylight Time",192.168.137.1,192.168.137.107,53,55014,GB.lgtvsdp.com,28,TRUE
"Apr 10, 2025 22:36:14.597375000 GMT Daylight Time",192.168.137.1,192.168.137.107,53,55014,mediaservices.cdn-apple.com,1,TRUE
"Apr 10, 2025 22:36:14.604425000 GMT Daylight Time",192.168.137.1,192.168.137.107,53,55014,mediaservices.cdn-apple.com,28,TRUE
"Apr 10, 2025 22:36:15.854794000 GMT Daylight Time",192.168.137.107,192.168.137.1,55014,53,GB.lgtvsdp.com,1,FALSE
"Apr 10, 2025 22:36:15.854794000 GMT Daylight Time",192.168.137.107,192.168.137.1,55014,53,GB.lgtvsdp.com,28,FALSE
"Apr 10, 2025 22:36:15.856599000 GMT Daylight Time",192.168.137.1,192.168.137.107,53,55014,GB.lgtvsdp.com,1,TRUE
"Apr 10, 2025 22:36:15.912097000 GMT Daylight Time",192.168.137.1,192.168.137.107,53,55014,GB.lgtvsdp.com,28,TRUE
"Apr 10, 2025 22:36:16.420100000 GMT Daylight Time",192.168.137.107,192.168.137.1,55014,53,gb.ad.lgsmartad.com,1,FALSE
"Apr 10, 2025 22:36:16.421555000 GMT Daylight Time",192.168.137.107,192.168.137.1,55014,53,gb.ad.lgsmartad.com,28,FALSE
"Apr 10, 2025 22:36:16.454419000 GMT Daylight Time",192.168.137.1,192.168.137.107,53,55014,gb.ad.lgsmartad.com,28,TRUE
"Apr 10, 2025 22:36:16.454619000 GMT Daylight Time",192.168.137.1,192.168.137.107,53,55014,gb.ad.lgsmartad.com,1,TRUE
"Apr 10, 2025 22:36:17.119180000 GMT Daylight Time",192.168.137.107,192.168.137.1,55014,53,GB.lgtvsdp.com,1,FALSE
"Apr 10, 2025 22:36:17.120188000 GMT Daylight Time",192.168.137.1,192.168.137.107,53,55014,GB.lgtvsdp.com,1,TRUE
"Apr 10, 2025 22:36:17.190498000 GMT Daylight Time",192.168.137.107,192.168.137.1,55014,53,GB.lgtvsdp.com,28,FALSE
"Apr 10, 2025 22:36:17.243654000 GMT Daylight Time",192.168.137.1,192.168.137.107,53,55014,GB.lgtvsdp.com,28,TRUE
"Apr 10, 2025 22:36:17.390807000 GMT Daylight Time",192.168.137.107,192.168.137.1,55014,53,cdn-aas-campaigns.alphonso.tv,1,FALSE
"Apr 10, 2025 22:36:17.390807000 GMT Daylight Time",192.168.137.107,192.168.137.1,55014,53,cdn-aas-campaigns.alphonso.tv,28,FALSE
"Apr 10, 2025 22:36:17.398349000 GMT Daylight Time",192.168.137.107,192.168.137.1,55014,53,gb.ad.lgsmartad.com,1,FALSE
"Apr 10, 2025 22:36:17.398533000 GMT Daylight Time",192.168.137.107,192.168.137.1,55014,53,gb.ad.lgsmartad.com,28,FALSE
"Apr 10, 2025 22:36:17.399436000 GMT Daylight Time",192.168.137.1,192.168.137.107,53,55014,gb.ad.lgsmartad.com,28,TRUE
"Apr 10, 2025 22:36:17.399571000 GMT Daylight Time",192.168.137.1,192.168.137.107,53,55014,gb.ad.lgsmartad.com,1,TRUE
"Apr 10, 2025 22:36:17.551032000 GMT Daylight Time",192.168.137.1,192.168.137.107,53,55014,cdn-aas-campaigns.alphonso.tv,28,TRUE
"Apr 10, 2025 22:36:17.551130000 GMT Daylight Time",192.168.137.1,192.168.137.107,53,55014,cdn-aas-campaigns.alphonso.tv,1,TRUE
"Apr 10, 2025 22:36:18.131791000 GMT Daylight Time",192.168.137.107,192.168.137.1,55014,53,cdn-aas-campaigns.alphonso.tv,1,FALSE
"Apr 10, 2025 22:36:18.131791000 GMT Daylight Time",192.168.137.107,192.168.137.1,55014,53,cdn-aas-campaigns.alphonso.tv,28,FALSE
"Apr 10, 2025 22:36:18.132624000 GMT Daylight Time",192.168.137.1,192.168.137.107,53,55014,cdn-aas-campaigns.alphonso.tv,1,TRUE
"Apr 10, 2025 22:36:18.133017000 GMT Daylight Time",192.168.137.1,192.168.137.107,53,55014,cdn-aas-campaigns.alphonso.tv,28,TRUE
"Apr 10, 2025 22:36:18.241601000 GMT Daylight Time",192.168.137.107,192.168.137.1,55014,53,GB.lgtvsdp.com,1,FALSE
"Apr 10, 2025 22:36:18.241943000 GMT Daylight Time",192.168.137.107,192.168.137.1,55014,53,GB.lgtvsdp.com,28,FALSE
"Apr 10, 2025 22:36:18.242046000 GMT Daylight Time",192.168.137.1,192.168.137.107,53,55014,GB.lgtvsdp.com,1,TRUE
"Apr 10, 2025 22:36:18.267060000 GMT Daylight Time",192.168.137.1,192.168.137.107,53,55014,GB.lgtvsdp.com,28,TRUE
"Apr 10, 2025 22:36:18.433489000 GMT Daylight Time",192.168.137.107,192.168.137.1,55014,53,cdn-aas-campaigns.alphonso.tv,1,FALSE
"Apr 10, 2025 22:36:18.434147000 GMT Daylight Time",192.168.137.107,192.168.137.1,55014,53,cdn-aas-campaigns.alphonso.tv,28,FALSE
"Apr 10, 2025 22:36:18.434181000 GMT Daylight Time",192.168.137.1,192.168.137.107,53,55014,cdn-aas-campaigns.alphonso.tv,1,TRUE
"Apr 10, 2025 22:36:18.434627000 GMT Daylight Time",192.168.137.1,192.168.137.107,53,55014,cdn-aas-campaigns.alphonso.tv,28,TRUE
"Apr 10, 2025 22:36:18.848099000 GMT Daylight Time",192.168.137.107,192.168.137.1,55014,53,mediaservices.cdn-apple.com,1,FALSE
"Apr 10, 2025 22:36:18.848881000 GMT Daylight Time",192.168.137.1,192.168.137.107,53,55014,mediaservices.cdn-apple.com,1,TRUE
"Apr 10, 2025 22:36:18.948041000 GMT Daylight Time",192.168.137.107,192.168.137.1,55014,53,gb.ad.lgsmartad.com,1,FALSE
"Apr 10, 2025 22:36:18.948292000 GMT Daylight Time",192.168.137.107,192.168.137.1,55014,53,gb.ad.lgsmartad.com,28,FALSE
"Apr 10, 2025 22:36:18.948883000 GMT Daylight Time",192.168.137.1,192.168.137.107,53,55014,gb.ad.lgsmartad.com,28,TRUE
"Apr 10, 2025 22:36:18.949037000 GMT Daylight Time",192.168.137.1,192.168.137.107,53,55014,gb.ad.lgsmartad.com,1,TRUE
"Apr 10, 2025 22:36:19.248239000 GMT Daylight Time",192.168.137.107,192.168.137.1,55014,53,ocsp.digicert.com,1,FALSE
"Apr 10, 2025 22:36:19.398411000 GMT Daylight Time",192.168.137.1,192.168.137.107,53,55014,ocsp.digicert.com,1,TRUE
"Apr 10, 2025 22:36:19.444274000 GMT Daylight Time",192.168.137.107,192.168.137.1,55014,53,GB.lgtvsdp.com,1,FALSE
"Apr 10, 2025 22:36:19.444274000 GMT Daylight Time",192.168.137.107,192.168.137.1,55014,53,GB.lgtvsdp.com,28,FALSE
"Apr 10, 2025 22:36:19.445512000 GMT Daylight Time",192.168.137.1,192.168.137.107,53,55014,GB.lgtvsdp.com,1,TRUE
"Apr 10, 2025 22:36:19.496545000 GMT Daylight Time",192.168.137.1,192.168.137.107,53,55014,GB.lgtvsdp.com,28,TRUE
"Apr 10, 2025 22:36:19.770682000 GMT Daylight Time",192.168.137.107,192.168.137.1,55014,53,eu-ssp-pix.adstk.io,1,FALSE
"Apr 10, 2025 22:36:19.770682000 GMT Daylight Time",192.168.137.107,192.168.137.1,55014,53,eu-ssp-pix.adstk.io,28,FALSE
"Apr 10, 2025 22:36:19.846945000 GMT Daylight Time",192.168.137.1,192.168.137.107,53,55014,eu-ssp-pix.adstk.io,1,TRUE
"Apr 10, 2025 22:36:19.847291000 GMT Daylight Time",192.168.137.1,192.168.137.107,53,55014,eu-ssp-pix.adstk.io,28,TRUE
"Apr 10, 2025 22:36:20.257143000 GMT Daylight Time",192.168.137.107,192.168.137.1,55014,53,mediaservices.cdn-apple.com,1,FALSE
"Apr 10, 2025 22:36:20.258370000 GMT Daylight Time",192.168.137.1,192.168.137.107,53,55014,mediaservices.cdn-apple.com,1,TRUE
"Apr 10, 2025 22:36:20.486265000 GMT Daylight Time",192.168.137.107,192.168.137.1,55014,53,gb.ad.lgsmartad.com,1,FALSE
"Apr 10, 2025 22:36:20.486265000 GMT Daylight Time",192.168.137.107,192.168.137.1,55014,53,gb.ad.lgsmartad.com,28,FALSE
"Apr 10, 2025 22:36:20.487037000 GMT Daylight Time",192.168.137.1,192.168.137.107,53,55014,gb.ad.lgsmartad.com,28,TRUE
"Apr 10, 2025 22:36:20.487338000 GMT Daylight Time",192.168.137.1,192.168.137.107,53,55014,gb.ad.lgsmartad.com,1,TRUE
"Apr 10, 2025 22:36:20.600912000 GMT Daylight Time",192.168.137.107,192.168.137.1,55014,53,GB.lgtvsdp.com,1,FALSE
"Apr 10, 2025 22:36:20.600912000 GMT Daylight Time",192.168.137.107,192.168.137.1,55014,53,GB.lgtvsdp.com,28,FALSE
"Apr 10, 2025 22:36:20.601992000 GMT Daylight Time",192.168.137.1,192.168.137.107,53,55014,GB.lgtvsdp.com,1,TRUE
"Apr 10, 2025 22:36:20.626791000 GMT Daylight Time",192.168.137.1,192.168.137.107,53,55014,GB.lgtvsdp.com,28,TRUE
"Apr 10, 2025 22:36:20.820191000 GMT Daylight Time",192.168.137.107,192.168.137.1,55014,53,snu.lge.com,1,FALSE
"Apr 10, 2025 22:36:20.820377000 GMT Daylight Time",192.168.137.107,192.168.137.1,55014,53,snu.lge.com,28,FALSE
"Apr 10, 2025 22:36:20.936491000 GMT Daylight Time",192.168.137.1,192.168.137.107,53,55014,snu.lge.com,28,TRUE
"Apr 10, 2025 22:36:20.936600000 GMT Daylight Time",192.168.137.1,192.168.137.107,53,55014,snu.lge.com,1,TRUE
"Apr 10, 2025 22:36:22.544202000 GMT Daylight Time",192.168.137.107,192.168.137.1,55014,53,eu-ssp-pix.adstk.io,1,FALSE
"Apr 10, 2025 22:36:22.544202000 GMT Daylight Time",192.168.137.107,192.168.137.1,55014,53,eu-ssp-pix.adstk.io,28,FALSE
"Apr 10, 2025 22:36:22.545419000 GMT Daylight Time",192.168.137.1,192.168.137.107,53,55014,eu-ssp-pix.adstk.io,28,TRUE
"Apr 10, 2025 22:36:22.545538000 GMT Daylight Time",192.168.137.1,192.168.137.107,53,55014,eu-ssp-pix.adstk.io,1,TRUE
"Apr 10, 2025 22:36:23.454764000 GMT Daylight Time",192.168.137.107,192.168.137.1,55014,53,eu-imp-pix.adstk.io,1,FALSE
"Apr 10, 2025 22:36:23.454764000 GMT Daylight Time",192.168.137.107,192.168.137.1,55014,53,eu-imp-pix.adstk.io,28,FALSE
"Apr 10, 2025 22:36:23.611318000 GMT Daylight Time",192.168.137.1,192.168.137.107,53,55014,eu-imp-pix.adstk.io,28,TRUE
"Apr 10, 2025 22:36:23.615099000 GMT Daylight Time",192.168.137.1,192.168.137.107,53,55014,eu-imp-pix.adstk.io,1,TRUE
"Apr 10, 2025 22:36:23.951635000 GMT Daylight Time",192.168.137.107,192.168.137.1,55014,53,EIC.nudge.lgtvcommon.com,1,FALSE
"Apr 10, 2025 22:36:23.951635000 GMT Daylight Time",192.168.137.107,192.168.137.1,55014,53,EIC.nudge.lgtvcommon.com,28,FALSE
"Apr 10, 2025 22:36:24.095427000 GMT Daylight Time",192.168.137.1,192.168.137.107,53,55014,EIC.nudge.lgtvcommon.com,1,TRUE
"Apr 10, 2025 22:36:24.095716000 GMT Daylight Time",192.168.137.1,192.168.137.107,53,55014,EIC.nudge.lgtvcommon.com,28,TRUE
"Apr 10, 2025 22:36:24.875988000 GMT Daylight Time",192.168.137.107,192.168.137.1,55014,53,GB.lgtvsdp.com,1,FALSE
"Apr 10, 2025 22:36:24.875988000 GMT Daylight Time",192.168.137.107,192.168.137.1,55014,53,GB.lgtvsdp.com,28,FALSE
"Apr 10, 2025 22:36:24.902262000 GMT Daylight Time",192.168.137.1,192.168.137.107,53,55014,GB.lgtvsdp.com,1,TRUE
"Apr 10, 2025 22:36:24.913063000 GMT Daylight Time",192.168.137.1,192.168.137.107,53,55014,GB.lgtvsdp.com,28,TRUE
"Apr 10, 2025 22:36:25.389602000 GMT Daylight Time",192.168.137.107,192.168.137.1,55014,53,GB.lgtvsdp.com,1,FALSE
"Apr 10, 2025 22:36:25.389602000 GMT Daylight Time",192.168.137.107,192.168.137.1,55014,53,GB.lgtvsdp.com,28,FALSE
"Apr 10, 2025 22:36:25.390770000 GMT Daylight Time",192.168.137.1,192.168.137.107,53,55014,GB.lgtvsdp.com,1,TRUE
"Apr 10, 2025 22:36:25.426526000 GMT Daylight Time",192.168.137.1,192.168.137.107,53,55014,GB.lgtvsdp.com,28,TRUE
"Apr 10, 2025 22:36:27.124114000 GMT Daylight Time",192.168.137.107,192.168.137.1,55014,53,ngfts.lge.com,1,FALSE
"Apr 10, 2025 22:36:27.124114000 GMT Daylight Time",192.168.137.107,192.168.137.1,55014,53,ngfts.lge.com,28,FALSE
"Apr 10, 2025 22:36:27.162430000 GMT Daylight Time",192.168.137.1,192.168.137.107,53,55014,ngfts.lge.com,28,TRUE
"Apr 10, 2025 22:36:27.306791000 GMT Daylight Time",192.168.137.1,192.168.137.107,53,55014,ngfts.lge.com,1,TRUE
"Apr 10, 2025 22:36:27.649347000 GMT Daylight Time",192.168.137.107,192.168.137.1,55014,53,EIC.service.lgtvcommon.com,1,FALSE
"Apr 10, 2025 22:36:27.649347000 GMT Daylight Time",192.168.137.107,192.168.137.1,55014,53,EIC.service.lgtvcommon.com,28,FALSE
"Apr 10, 2025 22:36:27.650427000 GMT Daylight Time",192.168.137.1,192.168.137.107,53,55014,EIC.service.lgtvcommon.com,1,TRUE
"Apr 10, 2025 22:36:27.676325000 GMT Daylight Time",192.168.137.1,192.168.137.107,53,55014,EIC.service.lgtvcommon.com,28,TRUE
"Apr 10, 2025 22:36:27.948030000 GMT Daylight Time",192.168.137.107,192.168.137.1,55014,53,prov-lg.alphonso.tv,1,FALSE
"Apr 10, 2025 22:36:27.948030000 GMT Daylight Time",192.168.137.107,192.168.137.1,55014,53,prov-lg.alphonso.tv,28,FALSE
"Apr 10, 2025 22:36:28.001156000 GMT Daylight Time",192.168.137.1,192.168.137.107,53,55014,prov-lg.alphonso.tv,28,TRUE
"Apr 10, 2025 22:36:28.025744000 GMT Daylight Time",192.168.137.1,192.168.137.107,53,55014,prov-lg.alphonso.tv,1,TRUE
"Apr 10, 2025 22:36:28.864552000 GMT Daylight Time",192.168.137.107,192.168.137.1,55014,53,eu-imp-pix.adstk.io,1,FALSE
"Apr 10, 2025 22:36:28.864552000 GMT Daylight Time",192.168.137.107,192.168.137.1,55014,53,eu-imp-pix.adstk.io,28,FALSE
"Apr 10, 2025 22:36:28.869118000 GMT Daylight Time",192.168.137.1,192.168.137.107,53,55014,eu-imp-pix.adstk.io,1,TRUE
"Apr 10, 2025 22:36:28.896238000 GMT Daylight Time",192.168.137.107,192.168.137.1,55014,53,GB.lgtvsdp.com,1,FALSE
"Apr 10, 2025 22:36:28.896431000 GMT Daylight Time",192.168.137.107,192.168.137.1,55014,53,GB.lgtvsdp.com,28,FALSE
"Apr 10, 2025 22:36:28.897387000 GMT Daylight Time",192.168.137.1,192.168.137.107,53,55014,GB.lgtvsdp.com,1,TRUE
"Apr 10, 2025 22:36:28.911296000 GMT Daylight Time",192.168.137.1,192.168.137.107,53,55014,eu-imp-pix.adstk.io,28,TRUE
"Apr 10, 2025 22:36:28.911538000 GMT Daylight Time",192.168.137.1,192.168.137.107,53,55014,GB.lgtvsdp.com,28,TRUE
"Apr 10, 2025 22:36:33.258643000 GMT Daylight Time",192.168.137.107,192.168.137.1,39564,53,wpad.mshome.net,1,FALSE
"Apr 10, 2025 22:36:33.259011000 GMT Daylight Time",192.168.137.107,192.168.137.1,39564,53,wpad.mshome.net,28,FALSE
"Apr 10, 2025 22:36:33.259090000 GMT Daylight Time",192.168.137.107,192.168.137.1,47311,53,<Root>,10,TRUE
"Apr 10, 2025 22:36:33.259319000 GMT Daylight Time",192.168.137.107,192.168.137.1,47311,53,<Root>,10,TRUE
"Apr 10, 2025 22:36:33.259319000 GMT Daylight Time",192.168.137.107,192.168.137.1,47311,53,eu-acr5.alphonso.tv,1,FALSE
"Apr 10, 2025 22:36:33.326671000 GMT Daylight Time",192.168.137.107,192.168.137.1,47552,53,<Root>,10,TRUE
"Apr 10, 2025 22:36:33.326671000 GMT Daylight Time",192.168.137.107,192.168.137.1,47552,53,<Root>,10,TRUE
"Apr 10, 2025 22:36:33.326671000 GMT Daylight Time",192.168.137.107,192.168.137.1,47552,53,eu-acr5.alphonso.tv,1,FALSE
"Apr 10, 2025 22:36:33.543017000 GMT Daylight Time",192.168.137.1,192.168.137.107,53,47311,eu-acr5.alphonso.tv,1,TRUE
"Apr 10, 2025 22:36:33.543228000 GMT Daylight Time",192.168.137.1,192.168.137.107,53,47552,eu-acr5.alphonso.tv,1,TRUE
"Apr 10, 2025 22:36:33.556890000 GMT Daylight Time",192.168.137.107,192.168.137.1,53,47311,eu-acr5.alphonso.tv,1,TRUE
"Apr 10, 2025 22:36:33.715417000 GMT Daylight Time",192.168.137.107,192.168.137.1,47552,53,www.ueiwsp.com,1,FALSE
"Apr 10, 2025 22:36:33.715417000 GMT Daylight Time",192.168.137.107,192.168.137.1,47552,53,www.ueiwsp.com,28,FALSE
"Apr 10, 2025 22:36:33.731278000 GMT Daylight Time",192.168.137.1,192.168.137.107,53,39564,wpad.mshome.net,28,TRUE
"Apr 10, 2025 22:36:33.731532000 GMT Daylight Time",192.168.137.1,192.168.137.107,53,39564,wpad.mshome.net,1,TRUE
"Apr 10, 2025 22:36:33.747378000 GMT Daylight Time",192.168.137.1,192.168.137.107,53,47552,www.ueiwsp.com,1,TRUE
"Apr 10, 2025 22:36:33.747835000 GMT Daylight Time",192.168.137.1,192.168.137.107,53,47552,www.ueiwsp.com,28,TRUE
"Apr 10, 2025 22:36:34.283163000 GMT Daylight Time",192.168.137.107,192.168.137.1,43279,53,lgtvonline.lge.com,1,FALSE
"Apr 10, 2025 22:36:34.448578000 GMT Daylight Time",192.168.137.1,192.168.137.107,53,43279,lgtvonline.lge.com,1,TRUE
"Apr 10, 2025 22:36:35.122069000 GMT Daylight Time",192.168.137.107,192.168.137.1,52110,53,nrdp51-appboot.netflix.com,1,FALSE
"Apr 10, 2025 22:36:35.122331000 GMT Daylight Time",192.168.137.107,8.8.8.8,42341,53,nrdp51-appboot.netflix.com,1,FALSE
"Apr 10, 2025 22:36:35.122331000 GMT Daylight Time",192.168.137.107,192.168.137.1,52110,53,nrdp51-appboot.netflix.com,28,FALSE
"Apr 10, 2025 22:36:35.122771000 GMT Daylight Time",192.168.137.107,8.8.8.8,42341,53,nrdp51-appboot.netflix.com,28,FALSE
"Apr 10, 2025 22:36:35.122771000 GMT Daylight Time",192.168.137.107,192.168.137.1,52110,53,nrdp.nccp.netflix.com,1,FALSE
"Apr 10, 2025 22:36:35.122771000 GMT Daylight Time",192.168.137.107,8.8.8.8,42341,53,nrdp.nccp.netflix.com,1,FALSE
"Apr 10, 2025 22:36:35.122771000 GMT Daylight Time",192.168.137.107,192.168.137.1,52110,53,nrdp.nccp.netflix.com,28,FALSE
"Apr 10, 2025 22:36:35.122771000 GMT Daylight Time",192.168.137.107,8.8.8.8,42341,53,nrdp.nccp.netflix.com,28,FALSE
"Apr 10, 2025 22:36:35.122771000 GMT Daylight Time",192.168.137.107,192.168.137.1,52110,53,nrdp-cell4.prod.ftl.netflix.com,1,FALSE
"Apr 10, 2025 22:36:35.122771000 GMT Daylight Time",192.168.137.107,8.8.8.8,42341,53,nrdp-cell4.prod.ftl.netflix.com,1,FALSE
"Apr 10, 2025 22:36:35.122771000 GMT Daylight Time",192.168.137.107,192.168.137.1,52110,53,nrdp-cell4.prod.ftl.netflix.com,28,FALSE
"Apr 10, 2025 22:36:35.122771000 GMT Daylight Time",192.168.137.107,8.8.8.8,42341,53,nrdp-cell4.prod.ftl.netflix.com,28,FALSE
"Apr 10, 2025 22:36:35.122771000 GMT Daylight Time",192.168.137.107,192.168.137.1,52110,53,nrdp.prod.cloud.netflix.com,1,FALSE
"Apr 10, 2025 22:36:35.122771000 GMT Daylight Time",192.168.137.107,8.8.8.8,42341,53,nrdp.prod.cloud.netflix.com,1,FALSE
"Apr 10, 2025 22:36:35.122771000 GMT Daylight Time",192.168.137.107,192.168.137.1,52110,53,nrdp.prod.cloud.netflix.com,28,FALSE
"Apr 10, 2025 22:36:35.122771000 GMT Daylight Time",192.168.137.107,8.8.8.8,42341,53,nrdp.prod.cloud.netflix.com,28,FALSE
"Apr 10, 2025 22:36:35.122771000 GMT Daylight Time",192.168.137.107,192.168.137.1,52110,53,api-global.netflix.com,1,FALSE
"Apr 10, 2025 22:36:35.122771000 GMT Daylight Time",192.168.137.107,8.8.8.8,42341,53,api-global.netflix.com,1,FALSE
"Apr 10, 2025 22:36:35.122771000 GMT Daylight Time",192.168.137.107,192.168.137.1,52110,53,api-global.netflix.com,28,FALSE
"Apr 10, 2025 22:36:35.123750000 GMT Daylight Time",192.168.137.107,8.8.8.8,42341,53,api-global.netflix.com,28,FALSE
"Apr 10, 2025 22:36:35.123750000 GMT Daylight Time",192.168.137.107,192.168.137.1,52110,53,secure.netflix.com,1,FALSE
"Apr 10, 2025 22:36:35.123750000 GMT Daylight Time",192.168.137.107,8.8.8.8,42341,53,secure.netflix.com,1,FALSE
"Apr 10, 2025 22:36:35.123750000 GMT Daylight Time",192.168.137.107,192.168.137.1,52110,53,secure.netflix.com,28,FALSE
"Apr 10, 2025 22:36:35.123750000 GMT Daylight Time",192.168.137.107,8.8.8.8,42341,53,secure.netflix.com,28,FALSE
"Apr 10, 2025 22:36:35.123750000 GMT Daylight Time",192.168.137.107,192.168.137.1,52110,53,uiboot.netflix.com,1,FALSE
"Apr 10, 2025 22:36:35.123750000 GMT Daylight Time",192.168.137.107,8.8.8.8,42341,53,uiboot.netflix.com,1,FALSE
"Apr 10, 2025 22:36:35.123750000 GMT Daylight Time",192.168.137.107,192.168.137.1,52110,53,uiboot.netflix.com,28,FALSE
"Apr 10, 2025 22:36:35.123750000 GMT Daylight Time",192.168.137.107,8.8.8.8,42341,53,uiboot.netflix.com,28,FALSE
"Apr 10, 2025 22:36:35.123750000 GMT Daylight Time",192.168.137.107,192.168.137.1,52110,53,customerevents.netflix.com,1,FALSE
"Apr 10, 2025 22:36:35.123750000 GMT Daylight Time",192.168.137.107,8.8.8.8,42341,53,customerevents.netflix.com,1,FALSE
"Apr 10, 2025 22:36:35.123750000 GMT Daylight Time",192.168.137.107,192.168.137.1,52110,53,customerevents.netflix.com,28,FALSE
"Apr 10, 2025 22:36:35.123750000 GMT Daylight Time",192.168.137.107,8.8.8.8,42341,53,customerevents.netflix.com,28,FALSE
"Apr 10, 2025 22:36:35.123750000 GMT Daylight Time",192.168.137.107,192.168.137.1,52110,53,ichnaea.netflix.com,1,FALSE
"Apr 10, 2025 22:36:35.123750000 GMT Daylight Time",192.168.137.107,8.8.8.8,42341,53,ichnaea.netflix.com,1,FALSE
"Apr 10, 2025 22:36:35.123750000 GMT Daylight Time",192.168.137.107,192.168.137.1,52110,53,ichnaea.netflix.com,28,FALSE
"Apr 10, 2025 22:36:35.124242000 GMT Daylight Time",192.168.137.107,8.8.8.8,42341,53,ichnaea.netflix.com,28,FALSE
"Apr 10, 2025 22:36:35.124242000 GMT Daylight Time",192.168.137.107,192.168.137.1,52110,53,cdn-0.nflximg.com,1,FALSE
"Apr 10, 2025 22:36:35.124242000 GMT Daylight Time",192.168.137.107,8.8.8.8,42341,53,cdn-0.nflximg.com,1,FALSE
"Apr 10, 2025 22:36:35.124242000 GMT Daylight Time",192.168.137.107,192.168.137.1,52110,53,cdn-0.nflximg.com,28,FALSE
"Apr 10, 2025 22:36:35.124242000 GMT Daylight Time",192.168.137.107,8.8.8.8,42341,53,cdn-0.nflximg.com,28,FALSE
"Apr 10, 2025 22:36:35.187613000 GMT Daylight Time",8.8.8.8,192.168.137.107,53,42341,nrdp51-appboot.netflix.com,1,TRUE
"Apr 10, 2025 22:36:35.187773000 GMT Daylight Time",8.8.8.8,192.168.137.107,53,42341,nrdp51-appboot.netflix.com,28,TRUE
"Apr 10, 2025 22:36:35.190868000 GMT Daylight Time",8.8.8.8,192.168.137.107,53,42341,nrdp.nccp.netflix.com,28,TRUE
"Apr 10, 2025 22:36:35.190990000 GMT Daylight Time",8.8.8.8,192.168.137.107,53,42341,nrdp.nccp.netflix.com,1,TRUE
"Apr 10, 2025 22:36:35.191025000 GMT Daylight Time",8.8.8.8,192.168.137.107,53,42341,nrdp-cell4.prod.ftl.netflix.com,1,TRUE
"Apr 10, 2025 22:36:35.204188000 GMT Daylight Time",8.8.8.8,192.168.137.107,53,42341,nrdp-cell4.prod.ftl.netflix.com,28,TRUE
"Apr 10, 2025 22:36:35.204305000 GMT Daylight Time",8.8.8.8,192.168.137.107,53,42341,nrdp.prod.cloud.netflix.com,1,TRUE
"Apr 10, 2025 22:36:35.206717000 GMT Daylight Time",192.168.137.1,192.168.137.107,53,52110,api-global.netflix.com,28,TRUE
"Apr 10, 2025 22:36:35.207040000 GMT Daylight Time",192.168.137.1,192.168.137.107,53,52110,secure.netflix.com,28,TRUE
"Apr 10, 2025 22:36:35.207291000 GMT Daylight Time",192.168.137.1,192.168.137.107,53,52110,ichnaea.netflix.com,1,TRUE
"Apr 10, 2025 22:36:35.267659000 GMT Daylight Time",8.8.8.8,192.168.137.107,53,42341,secure.netflix.com,1,TRUE
"Apr 10, 2025 22:36:35.267759000 GMT Daylight Time",8.8.8.8,192.168.137.107,53,42341,nrdp.prod.cloud.netflix.com,28,TRUE
"Apr 10, 2025 22:36:35.267797000 GMT Daylight Time",8.8.8.8,192.168.137.107,53,42341,customerevents.netflix.com,28,TRUE
"Apr 10, 2025 22:36:35.267829000 GMT Daylight Time",8.8.8.8,192.168.137.107,53,42341,customerevents.netflix.com,1,TRUE
"Apr 10, 2025 22:36:35.267864000 GMT Daylight Time",8.8.8.8,192.168.137.107,53,42341,ichnaea.netflix.com,28,TRUE
"Apr 10, 2025 22:36:35.267907000 GMT Daylight Time",8.8.8.8,192.168.137.107,53,42341,api-global.netflix.com,28,TRUE
"Apr 10, 2025 22:36:35.267942000 GMT Daylight Time",8.8.8.8,192.168.137.107,53,42341,secure.netflix.com,28,TRUE
"Apr 10, 2025 22:36:35.267982000 GMT Daylight Time",8.8.8.8,192.168.137.107,53,42341,api-global.netflix.com,1,TRUE
"Apr 10, 2025 22:36:35.268021000 GMT Daylight Time",8.8.8.8,192.168.137.107,53,42341,uiboot.netflix.com,1,TRUE
"Apr 10, 2025 22:36:35.268056000 GMT Daylight Time",8.8.8.8,192.168.137.107,53,42341,uiboot.netflix.com,28,TRUE
"Apr 10, 2025 22:36:35.268087000 GMT Daylight Time",8.8.8.8,192.168.137.107,53,42341,ichnaea.netflix.com,1,TRUE
"Apr 10, 2025 22:36:35.268124000 GMT Daylight Time",8.8.8.8,192.168.137.107,53,42341,cdn-0.nflximg.com,1,TRUE
"Apr 10, 2025 22:36:35.268160000 GMT Daylight Time",8.8.8.8,192.168.137.107,53,42341,cdn-0.nflximg.com,28,TRUE
"Apr 10, 2025 22:36:35.268782000 GMT Daylight Time",192.168.137.1,192.168.137.107,53,52110,uiboot.netflix.com,28,TRUE
"Apr 10, 2025 22:36:35.269422000 GMT Daylight Time",192.168.137.1,192.168.137.107,53,52110,nrdp.nccp.netflix.com,1,TRUE
"Apr 10, 2025 22:36:35.269871000 GMT Daylight Time",192.168.137.1,192.168.137.107,53,52110,nrdp.nccp.netflix.com,28,TRUE
"Apr 10, 2025 22:36:35.270131000 GMT Daylight Time",192.168.137.1,192.168.137.107,53,52110,uiboot.netflix.com,1,TRUE
"Apr 10, 2025 22:36:35.270259000 GMT Daylight Time",192.168.137.1,192.168.137.107,53,52110,nrdp-cell4.prod.ftl.netflix.com,28,TRUE
"Apr 10, 2025 22:36:35.270397000 GMT Daylight Time",192.168.137.1,192.168.137.107,53,52110,cdn-0.nflximg.com,1,TRUE
"Apr 10, 2025 22:36:35.270519000 GMT Daylight Time",192.168.137.1,192.168.137.107,53,52110,nrdp-cell4.prod.ftl.netflix.com,1,TRUE
"Apr 10, 2025 22:36:35.270628000 GMT Daylight Time",192.168.137.1,192.168.137.107,53,52110,nrdp51-appboot.netflix.com,1,TRUE
"Apr 10, 2025 22:36:35.270732000 GMT Daylight Time",192.168.137.1,192.168.137.107,53,52110,customerevents.netflix.com,1,TRUE
"Apr 10, 2025 22:36:35.270846000 GMT Daylight Time",192.168.137.1,192.168.137.107,53,52110,api-global.netflix.com,1,TRUE
"Apr 10, 2025 22:36:35.271066000 GMT Daylight Time",192.168.137.1,192.168.137.107,53,52110,nrdp.prod.cloud.netflix.com,1,TRUE
"Apr 10, 2025 22:36:35.271248000 GMT Daylight Time",192.168.137.1,192.168.137.107,53,52110,nrdp51-appboot.netflix.com,28,TRUE
"Apr 10, 2025 22:36:35.271355000 GMT Daylight Time",192.168.137.1,192.168.137.107,53,52110,secure.netflix.com,1,TRUE
"Apr 10, 2025 22:36:35.271479000 GMT Daylight Time",192.168.137.1,192.168.137.107,53,52110,nrdp.prod.cloud.netflix.com,28,TRUE
"Apr 10, 2025 22:36:35.271592000 GMT Daylight Time",192.168.137.1,192.168.137.107,53,52110,cdn-0.nflximg.com,28,TRUE
"Apr 10, 2025 22:36:35.271972000 GMT Daylight Time",192.168.137.1,192.168.137.107,53,52110,ichnaea.netflix.com,28,TRUE
"Apr 10, 2025 22:36:35.272225000 GMT Daylight Time",192.168.137.1,192.168.137.107,53,52110,customerevents.netflix.com,28,TRUE
"Apr 10, 2025 22:36:35.734191000 GMT Daylight Time",192.168.137.107,192.168.137.1,52110,53,nrdp60-appboot.netflix.com,1,FALSE
"Apr 10, 2025 22:36:35.734483000 GMT Daylight Time",192.168.137.107,8.8.8.8,42341,53,nrdp60-appboot.netflix.com,1,FALSE
"Apr 10, 2025 22:36:35.795514000 GMT Daylight Time",8.8.8.8,192.168.137.107,53,42341,nrdp60-appboot.netflix.com,1,TRUE
"Apr 10, 2025 22:36:35.795604000 GMT Daylight Time",192.168.137.1,192.168.137.107,53,52110,nrdp60-appboot.netflix.com,1,TRUE
"Apr 10, 2025 22:36:36.873164000 GMT Daylight Time",192.168.137.107,192.168.137.1,47552,53,gb.ad.lgsmartad.com,1,FALSE
"Apr 10, 2025 22:36:36.873164000 GMT Daylight Time",192.168.137.107,192.168.137.1,47552,53,gb.ad.lgsmartad.com,28,FALSE
"Apr 10, 2025 22:36:36.998853000 GMT Daylight Time",192.168.137.1,192.168.137.107,53,47552,gb.ad.lgsmartad.com,28,TRUE
"Apr 10, 2025 22:36:36.998954000 GMT Daylight Time",192.168.137.1,192.168.137.107,53,47552,gb.ad.lgsmartad.com,1,TRUE
"Apr 10, 2025 22:36:37.594148000 GMT Daylight Time",192.168.137.107,192.168.137.1,47552,53,GB.lgtvsdp.com,1,FALSE
"Apr 10, 2025 22:36:37.594148000 GMT Daylight Time",192.168.137.107,192.168.137.1,47552,53,GB.lgtvsdp.com,28,FALSE
"Apr 10, 2025 22:36:37.595115000 GMT Daylight Time",192.168.137.1,192.168.137.107,53,47552,GB.lgtvsdp.com,1,TRUE
"Apr 10, 2025 22:36:37.634816000 GMT Daylight Time",192.168.137.1,192.168.137.107,53,47552,GB.lgtvsdp.com,28,TRUE
"Apr 10, 2025 22:36:37.882058000 GMT Daylight Time",192.168.137.107,192.168.137.1,47552,53,discovery.meethue.com,1,FALSE
"Apr 10, 2025 22:36:37.882612000 GMT Daylight Time",192.168.137.107,192.168.137.1,47552,53,discovery.meethue.com,28,FALSE
"Apr 10, 2025 22:36:37.883234000 GMT Daylight Time",192.168.137.1,192.168.137.107,53,47552,discovery.meethue.com,1,TRUE
"Apr 10, 2025 22:36:38.035035000 GMT Daylight Time",192.168.137.1,192.168.137.107,53,47552,discovery.meethue.com,28,TRUE
"Apr 10, 2025 22:36:39.029432000 GMT Daylight Time",192.168.137.107,192.168.137.1,47552,53,EIC.homeprv.lgtvcommon.com,1,FALSE
"Apr 10, 2025 22:36:39.030298000 GMT Daylight Time",192.168.137.107,192.168.137.1,47552,53,EIC.homeprv.lgtvcommon.com,28,FALSE
"Apr 10, 2025 22:36:39.037724000 GMT Daylight Time",192.168.137.107,192.168.137.1,47552,53,GB.ibs.lgappstv.com,1,FALSE
"Apr 10, 2025 22:36:39.037724000 GMT Daylight Time",192.168.137.107,192.168.137.1,47552,53,GB.ibs.lgappstv.com,28,FALSE
"Apr 10, 2025 22:36:39.159825000 GMT Daylight Time",192.168.137.1,192.168.137.107,53,47552,GB.ibs.lgappstv.com,1,TRUE
"Apr 10, 2025 22:36:39.160605000 GMT Daylight Time",192.168.137.1,192.168.137.107,53,47552,GB.ibs.lgappstv.com,28,TRUE
"Apr 10, 2025 22:36:39.160817000 GMT Daylight Time",192.168.137.1,192.168.137.107,53,47552,EIC.homeprv.lgtvcommon.com,1,TRUE
"Apr 10, 2025 22:36:39.161084000 GMT Daylight Time",192.168.137.1,192.168.137.107,53,47552,EIC.homeprv.lgtvcommon.com,28,TRUE
"Apr 10, 2025 22:36:39.207529000 GMT Daylight Time",192.168.137.107,192.168.137.1,47552,53,gb.ad.lgsmartad.com,1,FALSE
"Apr 10, 2025 22:36:39.207529000 GMT Daylight Time",192.168.137.107,192.168.137.1,47552,53,gb.ad.lgsmartad.com,28,FALSE
"Apr 10, 2025 22:36:39.209090000 GMT Daylight Time",192.168.137.1,192.168.137.107,53,47552,gb.ad.lgsmartad.com,1,TRUE
"Apr 10, 2025 22:36:39.209244000 GMT Daylight Time",192.168.137.1,192.168.137.107,53,47552,gb.ad.lgsmartad.com,28,TRUE
"Apr 10, 2025 22:36:40.526386000 GMT Daylight Time",192.168.137.107,192.168.137.1,47552,53,www.youtube.com,1,FALSE
"Apr 10, 2025 22:36:40.526386000 GMT Daylight Time",192.168.137.107,192.168.137.1,47552,53,www.youtube.com,28,FALSE
"Apr 10, 2025 22:36:40.696282000 GMT Daylight Time",192.168.137.1,192.168.137.107,53,47552,www.youtube.com,28,TRUE
"Apr 10, 2025 22:36:40.696372000 GMT Daylight Time",192.168.137.1,192.168.137.107,53,47552,www.youtube.com,1,TRUE
"Apr 10, 2025 22:36:41.898907000 GMT Daylight Time",192.168.137.107,192.168.137.1,47552,53,EIC.recommend.lgtvcommon.com,1,FALSE
"Apr 10, 2025 22:36:41.898907000 GMT Daylight Time",192.168.137.107,192.168.137.1,47552,53,EIC.recommend.lgtvcommon.com,28,FALSE
"Apr 10, 2025 22:36:42.028113000 GMT Daylight Time",192.168.137.1,192.168.137.107,53,47552,EIC.recommend.lgtvcommon.com,28,TRUE
"Apr 10, 2025 22:36:42.028221000 GMT Daylight Time",192.168.137.1,192.168.137.107,53,47552,EIC.recommend.lgtvcommon.com,1,TRUE
"Apr 10, 2025 22:36:42.719634000 GMT Daylight Time",192.168.137.107,192.168.137.1,47552,53,gb.ad.lgsmartad.com,1,FALSE
"Apr 10, 2025 22:36:42.719634000 GMT Daylight Time",192.168.137.107,192.168.137.1,47552,53,gb.ad.lgsmartad.com,28,FALSE
"Apr 10, 2025 22:36:42.720709000 GMT Daylight Time",192.168.137.1,192.168.137.107,53,47552,gb.ad.lgsmartad.com,1,TRUE
"Apr 10, 2025 22:36:42.742949000 GMT Daylight Time",192.168.137.1,192.168.137.107,53,47552,gb.ad.lgsmartad.com,28,TRUE
"Apr 10, 2025 22:36:42.906439000 GMT Daylight Time",192.168.137.107,192.168.137.1,47552,53,cdn-aas-campaigns.alphonso.tv,1,FALSE
"Apr 10, 2025 22:36:42.906439000 GMT Daylight Time",192.168.137.107,192.168.137.1,47552,53,cdn-aas-campaigns.alphonso.tv,28,FALSE
"Apr 10, 2025 22:36:42.983134000 GMT Daylight Time",192.168.137.1,192.168.137.107,53,47552,cdn-aas-campaigns.alphonso.tv,28,TRUE
"Apr 10, 2025 22:36:43.051461000 GMT Daylight Time",192.168.137.1,192.168.137.107,53,47552,cdn-aas-campaigns.alphonso.tv,1,TRUE
"Apr 10, 2025 22:36:43.427685000 GMT Daylight Time",192.168.137.107,192.168.137.1,47552,53,lge-static.ottera.tv,1,FALSE
"Apr 10, 2025 22:36:43.429373000 GMT Daylight Time",192.168.137.107,192.168.137.1,47552,53,lge-static.ottera.tv,28,FALSE
"Apr 10, 2025 22:36:43.456962000 GMT Daylight Time",192.168.137.107,192.168.137.1,47552,53,GB.lgtvsdp.com,1,FALSE
"Apr 10, 2025 22:36:43.456962000 GMT Daylight Time",192.168.137.107,192.168.137.1,47552,53,GB.lgtvsdp.com,28,FALSE
"Apr 10, 2025 22:36:43.457568000 GMT Daylight Time",192.168.137.1,192.168.137.107,53,47552,GB.lgtvsdp.com,1,TRUE
"Apr 10, 2025 22:36:43.459725000 GMT Daylight Time",192.168.137.1,192.168.137.107,53,47552,GB.lgtvsdp.com,28,TRUE
"Apr 10, 2025 22:36:43.490008000 GMT Daylight Time",192.168.137.1,192.168.137.107,53,47552,lge-static.ottera.tv,28,TRUE
"Apr 10, 2025 22:36:43.497146000 GMT Daylight Time",192.168.137.1,192.168.137.107,53,47552,lge-static.ottera.tv,1,TRUE
"Apr 10, 2025 22:36:43.639400000 GMT Daylight Time",192.168.137.107,192.168.137.1,47552,53,gb.ad.lgsmartad.com,1,FALSE
"Apr 10, 2025 22:36:43.639400000 GMT Daylight Time",192.168.137.107,192.168.137.1,47552,53,gb.ad.lgsmartad.com,28,FALSE
"Apr 10, 2025 22:36:43.640532000 GMT Daylight Time",192.168.137.1,192.168.137.107,53,47552,gb.ad.lgsmartad.com,1,TRUE
"Apr 10, 2025 22:36:43.651960000 GMT Daylight Time",192.168.137.107,192.168.137.1,47552,53,cdn-aas-campaigns.alphonso.tv,1,FALSE
"Apr 10, 2025 22:36:43.652166000 GMT Daylight Time",192.168.137.107,192.168.137.1,47552,53,cdn-aas-campaigns.alphonso.tv,28,FALSE
"Apr 10, 2025 22:36:43.653261000 GMT Daylight Time",192.168.137.1,192.168.137.107,53,47552,cdn-aas-campaigns.alphonso.tv,28,TRUE
"Apr 10, 2025 22:36:43.768709000 GMT Daylight Time",192.168.137.1,192.168.137.107,53,47552,gb.ad.lgsmartad.com,28,TRUE
"Apr 10, 2025 22:36:43.793309000 GMT Daylight Time",192.168.137.1,192.168.137.107,53,47552,cdn-aas-campaigns.alphonso.tv,1,TRUE
"Apr 10, 2025 22:36:44.433951000 GMT Daylight Time",192.168.137.107,192.168.137.1,47552,53,ngfts.lge.com,1,FALSE
"Apr 10, 2025 22:36:44.433951000 GMT Daylight Time",192.168.137.107,192.168.137.1,47552,53,ngfts.lge.com,28,FALSE
"Apr 10, 2025 22:36:44.446439000 GMT Daylight Time",192.168.137.107,192.168.137.1,47552,53,cdn88-accio.its-newid.net,1,FALSE
"Apr 10, 2025 22:36:44.446692000 GMT Daylight Time",192.168.137.107,192.168.137.1,47552,53,cdn88-accio.its-newid.net,28,FALSE
"Apr 10, 2025 22:36:44.476996000 GMT Daylight Time",192.168.137.107,192.168.137.1,47552,53,eic-ngfts.lge.com,1,FALSE
"Apr 10, 2025 22:36:44.476996000 GMT Daylight Time",192.168.137.107,192.168.137.1,47552,53,eic-ngfts.lge.com,28,FALSE
"Apr 10, 2025 22:36:44.505679000 GMT Daylight Time",192.168.137.1,192.168.137.107,53,47552,ngfts.lge.com,28,TRUE
"Apr 10, 2025 22:36:44.508637000 GMT Daylight Time",192.168.137.1,192.168.137.107,53,47552,eic-ngfts.lge.com,1,TRUE
"Apr 10, 2025 22:36:44.518449000 GMT Daylight Time",192.168.137.1,192.168.137.107,53,47552,eic-ngfts.lge.com,28,TRUE
"Apr 10, 2025 22:36:44.527473000 GMT Daylight Time",192.168.137.1,192.168.137.107,53,47552,ngfts.lge.com,1,TRUE
"Apr 10, 2025 22:36:44.527637000 GMT Daylight Time",192.168.137.1,192.168.137.107,53,47552,cdn88-accio.its-newid.net,28,TRUE
"Apr 10, 2025 22:36:44.527759000 GMT Daylight Time",192.168.137.1,192.168.137.107,53,47552,cdn88-accio.its-newid.net,1,TRUE
"Apr 10, 2025 22:36:44.647521000 GMT Daylight Time",192.168.137.107,192.168.137.1,47552,53,eu-ssp-pix.adstk.io,1,FALSE
"Apr 10, 2025 22:36:44.647521000 GMT Daylight Time",192.168.137.107,192.168.137.1,47552,53,eu-ssp-pix.adstk.io,28,FALSE
"Apr 10, 2025 22:36:44.647521000 GMT Daylight Time",192.168.137.107,192.168.137.1,47552,53,EIC.netflixvoice.lgtvcommon.com,1,FALSE
"Apr 10, 2025 22:36:44.647521000 GMT Daylight Time",192.168.137.107,192.168.137.1,47552,53,EIC.netflixvoice.lgtvcommon.com,28,FALSE
"Apr 10, 2025 22:36:44.647521000 GMT Daylight Time",192.168.137.107,192.168.137.1,47552,53,cdn-aas-campaigns.alphonso.tv,1,FALSE
"Apr 10, 2025 22:36:44.647521000 GMT Daylight Time",192.168.137.107,192.168.137.1,47552,53,cdn-aas-campaigns.alphonso.tv,28,FALSE
"Apr 10, 2025 22:36:44.648953000 GMT Daylight Time",192.168.137.1,192.168.137.107,53,47552,eu-ssp-pix.adstk.io,1,TRUE
"Apr 10, 2025 22:36:44.650086000 GMT Daylight Time",192.168.137.1,192.168.137.107,53,47552,cdn-aas-campaigns.alphonso.tv,1,TRUE
"Apr 10, 2025 22:36:44.650184000 GMT Daylight Time",192.168.137.1,192.168.137.107,53,47552,cdn-aas-campaigns.alphonso.tv,28,TRUE
"Apr 10, 2025 22:36:44.810747000 GMT Daylight Time",192.168.137.1,192.168.137.107,53,47552,EIC.netflixvoice.lgtvcommon.com,28,TRUE
"Apr 10, 2025 22:36:44.811015000 GMT Daylight Time",192.168.137.1,192.168.137.107,53,47552,eu-ssp-pix.adstk.io,28,TRUE
"Apr 10, 2025 22:36:44.811306000 GMT Daylight Time",192.168.137.1,192.168.137.107,53,47552,EIC.netflixvoice.lgtvcommon.com,1,TRUE
"Apr 10, 2025 22:36:45.182496000 GMT Daylight Time",192.168.137.107,192.168.137.1,47552,53,d2wdwd1pp2fmzx.cloudfront.net,1,FALSE
"Apr 10, 2025 22:36:45.182496000 GMT Daylight Time",192.168.137.107,192.168.137.1,47552,53,d2wdwd1pp2fmzx.cloudfront.net,28,FALSE
"Apr 10, 2025 22:36:45.305902000 GMT Daylight Time",192.168.137.1,192.168.137.107,53,47552,d2wdwd1pp2fmzx.cloudfront.net,1,TRUE
"Apr 10, 2025 22:36:45.306390000 GMT Daylight Time",192.168.137.1,192.168.137.107,53,47552,d2wdwd1pp2fmzx.cloudfront.net,28,TRUE
"Apr 10, 2025 22:36:45.659673000 GMT Daylight Time",192.168.137.107,192.168.137.1,47552,53,cdn-aas-campaigns.alphonso.tv,1,FALSE
"Apr 10, 2025 22:36:45.659673000 GMT Daylight Time",192.168.137.107,192.168.137.1,47552,53,cdn-aas-campaigns.alphonso.tv,28,FALSE
"Apr 10, 2025 22:36:45.660823000 GMT Daylight Time",192.168.137.1,192.168.137.107,53,47552,cdn-aas-campaigns.alphonso.tv,28,TRUE
"Apr 10, 2025 22:36:45.661000000 GMT Daylight Time",192.168.137.1,192.168.137.107,53,47552,cdn-aas-campaigns.alphonso.tv,1,TRUE
"Apr 10, 2025 22:36:45.864534000 GMT Daylight Time",192.168.137.107,192.168.137.1,47552,53,i.ytimg.com,1,FALSE
"Apr 10, 2025 22:36:45.864534000 GMT Daylight Time",192.168.137.107,192.168.137.1,47552,53,i.ytimg.com,28,FALSE
"Apr 10, 2025 22:36:45.958283000 GMT Daylight Time",192.168.137.1,192.168.137.107,53,47552,i.ytimg.com,1,TRUE
"Apr 10, 2025 22:36:46.031790000 GMT Daylight Time",192.168.137.1,192.168.137.107,53,47552,i.ytimg.com,28,TRUE
"Apr 10, 2025 22:36:46.178228000 GMT Daylight Time",192.168.137.107,192.168.137.1,47552,53,www.gstatic.com,1,FALSE
"Apr 10, 2025 22:36:46.178228000 GMT Daylight Time",192.168.137.107,192.168.137.1,47552,53,www.gstatic.com,28,FALSE
"Apr 10, 2025 22:36:46.336246000 GMT Daylight Time",192.168.137.1,192.168.137.107,53,47552,www.gstatic.com,28,TRUE
"Apr 10, 2025 22:36:46.336614000 GMT Daylight Time",192.168.137.1,192.168.137.107,53,47552,www.gstatic.com,1,TRUE
"Apr 10, 2025 22:36:46.403423000 GMT Daylight Time",192.168.137.107,192.168.137.1,47552,53,gb.ad.lgsmartad.com,1,FALSE
"Apr 10, 2025 22:36:46.403771000 GMT Daylight Time",192.168.137.107,192.168.137.1,47552,53,gb.ad.lgsmartad.com,28,FALSE
"Apr 10, 2025 22:36:46.404622000 GMT Daylight Time",192.168.137.1,192.168.137.107,53,47552,gb.ad.lgsmartad.com,1,TRUE
"Apr 10, 2025 22:36:46.455131000 GMT Daylight Time",192.168.137.1,192.168.137.107,53,47552,gb.ad.lgsmartad.com,28,TRUE
"Apr 10, 2025 22:36:47.817694000 GMT Daylight Time",192.168.137.107,192.168.137.1,47552,53,gb.ad.lgsmartad.com,1,FALSE
"Apr 10, 2025 22:36:47.817694000 GMT Daylight Time",192.168.137.107,192.168.137.1,47552,53,gb.ad.lgsmartad.com,28,FALSE
"Apr 10, 2025 22:36:47.818701000 GMT Daylight Time",192.168.137.1,192.168.137.107,53,47552,gb.ad.lgsmartad.com,1,TRUE
"Apr 10, 2025 22:36:47.860793000 GMT Daylight Time",192.168.137.1,192.168.137.107,53,47552,gb.ad.lgsmartad.com,28,TRUE
"Apr 10, 2025 22:36:48.630614000 GMT Daylight Time",192.168.137.107,192.168.137.1,47552,53,yt3.ggpht.com,1,FALSE
"Apr 10, 2025 22:36:48.630614000 GMT Daylight Time",192.168.137.107,192.168.137.1,47552,53,yt3.ggpht.com,28,FALSE
"Apr 10, 2025 22:36:48.785960000 GMT Daylight Time",192.168.137.1,192.168.137.107,53,47552,yt3.ggpht.com,1,TRUE
"Apr 10, 2025 22:36:48.786081000 GMT Daylight Time",192.168.137.1,192.168.137.107,53,47552,yt3.ggpht.com,28,TRUE
"Apr 10, 2025 22:36:49.249954000 GMT Daylight Time",192.168.137.107,192.168.137.1,47552,53,eu-bl-server.alphonso.tv,1,FALSE
"Apr 10, 2025 22:36:49.249954000 GMT Daylight Time",192.168.137.107,192.168.137.1,47552,53,eu-bl-server.alphonso.tv,28,FALSE
"Apr 10, 2025 22:36:49.710925000 GMT Daylight Time",192.168.137.1,192.168.137.107,53,47552,eu-bl-server.alphonso.tv,1,TRUE
"Apr 10, 2025 22:36:49.711018000 GMT Daylight Time",192.168.137.1,192.168.137.107,53,47552,eu-bl-server.alphonso.tv,28,TRUE
"Apr 10, 2025 22:36:49.868019000 GMT Daylight Time",192.168.137.107,192.168.137.1,47552,53,eu-imp-pix.adstk.io,1,FALSE
"Apr 10, 2025 22:36:49.868019000 GMT Daylight Time",192.168.137.107,192.168.137.1,47552,53,eu-imp-pix.adstk.io,28,FALSE
"Apr 10, 2025 22:36:49.870950000 GMT Daylight Time",192.168.137.1,192.168.137.107,53,47552,eu-imp-pix.adstk.io,1,TRUE
"Apr 10, 2025 22:36:49.962622000 GMT Daylight Time",192.168.137.1,192.168.137.107,53,47552,eu-imp-pix.adstk.io,28,TRUE
"Apr 10, 2025 22:36:50.204216000 GMT Daylight Time",192.168.137.107,192.168.137.1,47552,53,eligibility-panelresearch.googlevideo.com,1,FALSE
"Apr 10, 2025 22:36:50.204216000 GMT Daylight Time",192.168.137.107,192.168.137.1,47552,53,eligibility-panelresearch.googlevideo.com,28,FALSE
"Apr 10, 2025 22:36:50.268047000 GMT Daylight Time",192.168.137.107,192.168.137.1,52110,53,nrdp-ipv6.prod.ftl.netflix.com,1,FALSE
"Apr 10, 2025 22:36:50.268047000 GMT Daylight Time",192.168.137.107,8.8.8.8,42341,53,nrdp-ipv6.prod.ftl.netflix.com,1,FALSE
"Apr 10, 2025 22:36:50.339599000 GMT Daylight Time",192.168.137.1,192.168.137.107,53,47552,eligibility-panelresearch.googlevideo.com,28,TRUE
"Apr 10, 2025 22:36:50.419593000 GMT Daylight Time",192.168.137.1,192.168.137.107,53,47552,eligibility-panelresearch.googlevideo.com,1,TRUE
"Apr 10, 2025 22:36:50.429177000 GMT Daylight Time",8.8.8.8,192.168.137.107,53,42341,nrdp-ipv6.prod.ftl.netflix.com,1,TRUE
"Apr 10, 2025 22:36:50.430141000 GMT Daylight Time",192.168.137.1,192.168.137.107,53,52110,nrdp-ipv6.prod.ftl.netflix.com,1,TRUE
"Apr 10, 2025 22:36:50.926792000 GMT Daylight Time",192.168.137.107,192.168.137.1,47552,53,eu-ssp-pix.adstk.io,1,FALSE
"Apr 10, 2025 22:36:50.927058000 GMT Daylight Time",192.168.137.107,192.168.137.1,47552,53,eu-ssp-pix.adstk.io,28,FALSE
"Apr 10, 2025 22:36:50.927644000 GMT Daylight Time",192.168.137.1,192.168.137.107,53,47552,eu-ssp-pix.adstk.io,1,TRUE
"Apr 10, 2025 22:36:50.931422000 GMT Daylight Time",192.168.137.1,192.168.137.107,53,47552,eu-ssp-pix.adstk.io,28,TRUE
"Apr 10, 2025 22:36:53.363997000 GMT Daylight Time",192.168.137.107,192.168.137.1,57294,53,nrdp51-appboot.netflix.com,1,FALSE
"Apr 10, 2025 22:36:53.363997000 GMT Daylight Time",192.168.137.107,8.8.8.8,54819,53,nrdp51-appboot.netflix.com,1,FALSE
"Apr 10, 2025 22:36:53.363997000 GMT Daylight Time",192.168.137.107,192.168.137.1,57294,53,nrdp51-appboot.netflix.com,28,FALSE
"Apr 10, 2025 22:36:53.363997000 GMT Daylight Time",192.168.137.107,8.8.8.8,54819,53,nrdp51-appboot.netflix.com,28,FALSE
"Apr 10, 2025 22:36:53.363997000 GMT Daylight Time",192.168.137.107,192.168.137.1,57294,53,nrdp.nccp.netflix.com,1,FALSE
"Apr 10, 2025 22:36:53.363997000 GMT Daylight Time",192.168.137.107,8.8.8.8,54819,53,nrdp.nccp.netflix.com,1,FALSE
"Apr 10, 2025 22:36:53.363997000 GMT Daylight Time",192.168.137.107,192.168.137.1,57294,53,nrdp.nccp.netflix.com,28,FALSE
"Apr 10, 2025 22:36:53.363997000 GMT Daylight Time",192.168.137.107,8.8.8.8,54819,53,nrdp.nccp.netflix.com,28,FALSE
"Apr 10, 2025 22:36:53.365242000 GMT Daylight Time",192.168.137.1,192.168.137.107,53,57294,nrdp51-appboot.netflix.com,28,TRUE
"Apr 10, 2025 22:36:53.365396000 GMT Daylight Time",192.168.137.1,192.168.137.107,53,57294,nrdp.nccp.netflix.com,1,TRUE
"Apr 10, 2025 22:36:53.365596000 GMT Daylight Time",192.168.137.1,192.168.137.107,53,57294,nrdp51-appboot.netflix.com,1,TRUE
"Apr 10, 2025 22:36:53.365721000 GMT Daylight Time",192.168.137.1,192.168.137.107,53,57294,nrdp.nccp.netflix.com,28,TRUE
"Apr 10, 2025 22:36:53.371111000 GMT Daylight Time",192.168.137.107,192.168.137.1,57294,53,nrdp-cell4.prod.ftl.netflix.com,1,FALSE
"Apr 10, 2025 22:36:53.371704000 GMT Daylight Time",192.168.137.107,8.8.8.8,54819,53,nrdp-cell4.prod.ftl.netflix.com,1,FALSE
"Apr 10, 2025 22:36:53.371704000 GMT Daylight Time",192.168.137.107,192.168.137.1,57294,53,nrdp-cell4.prod.ftl.netflix.com,28,FALSE
"Apr 10, 2025 22:36:53.371704000 GMT Daylight Time",192.168.137.107,8.8.8.8,54819,53,nrdp-cell4.prod.ftl.netflix.com,28,FALSE
"Apr 10, 2025 22:36:53.372172000 GMT Daylight Time",192.168.137.1,192.168.137.107,53,57294,nrdp-cell4.prod.ftl.netflix.com,1,TRUE
"Apr 10, 2025 22:36:53.372425000 GMT Daylight Time",192.168.137.107,192.168.137.1,57294,53,nrdp.prod.cloud.netflix.com,1,FALSE
"Apr 10, 2025 22:36:53.372425000 GMT Daylight Time",192.168.137.107,8.8.8.8,54819,53,nrdp.prod.cloud.netflix.com,1,FALSE
"Apr 10, 2025 22:36:53.372425000 GMT Daylight Time",192.168.137.107,192.168.137.1,57294,53,nrdp.prod.cloud.netflix.com,28,FALSE
"Apr 10, 2025 22:36:53.372425000 GMT Daylight Time",192.168.137.107,8.8.8.8,54819,53,nrdp.prod.cloud.netflix.com,28,FALSE
"Apr 10, 2025 22:36:53.372425000 GMT Daylight Time",192.168.137.107,192.168.137.1,57294,53,api-global.netflix.com,1,FALSE
"Apr 10, 2025 22:36:53.372425000 GMT Daylight Time",192.168.137.107,8.8.8.8,54819,53,api-global.netflix.com,1,FALSE
"Apr 10, 2025 22:36:53.372425000 GMT Daylight Time",192.168.137.107,192.168.137.1,57294,53,api-global.netflix.com,28,FALSE
"Apr 10, 2025 22:36:53.372425000 GMT Daylight Time",192.168.137.107,8.8.8.8,54819,53,api-global.netflix.com,28,FALSE
"Apr 10, 2025 22:36:53.372425000 GMT Daylight Time",192.168.137.107,192.168.137.1,57294,53,secure.netflix.com,1,FALSE
"Apr 10, 2025 22:36:53.372425000 GMT Daylight Time",192.168.137.107,8.8.8.8,54819,53,secure.netflix.com,1,FALSE
"Apr 10, 2025 22:36:53.372425000 GMT Daylight Time",192.168.137.107,192.168.137.1,57294,53,secure.netflix.com,28,FALSE
"Apr 10, 2025 22:36:53.372425000 GMT Daylight Time",192.168.137.107,8.8.8.8,54819,53,secure.netflix.com,28,FALSE
"Apr 10, 2025 22:36:53.372425000 GMT Daylight Time",192.168.137.107,192.168.137.1,57294,53,uiboot.netflix.com,1,FALSE
"Apr 10, 2025 22:36:53.372425000 GMT Daylight Time",192.168.137.107,8.8.8.8,54819,53,uiboot.netflix.com,1,FALSE
"Apr 10, 2025 22:36:53.372425000 GMT Daylight Time",192.168.137.107,192.168.137.1,57294,53,uiboot.netflix.com,28,FALSE
"Apr 10, 2025 22:36:53.372425000 GMT Daylight Time",192.168.137.107,8.8.8.8,54819,53,uiboot.netflix.com,28,FALSE
"Apr 10, 2025 22:36:53.373082000 GMT Daylight Time",192.168.137.107,192.168.137.1,57294,53,customerevents.netflix.com,1,FALSE
"Apr 10, 2025 22:36:53.373082000 GMT Daylight Time",192.168.137.107,8.8.8.8,54819,53,customerevents.netflix.com,1,FALSE
"Apr 10, 2025 22:36:53.373082000 GMT Daylight Time",192.168.137.107,192.168.137.1,57294,53,customerevents.netflix.com,28,FALSE
"Apr 10, 2025 22:36:53.373082000 GMT Daylight Time",192.168.137.107,8.8.8.8,54819,53,customerevents.netflix.com,28,FALSE
"Apr 10, 2025 22:36:53.373082000 GMT Daylight Time",192.168.137.107,192.168.137.1,57294,53,ichnaea.netflix.com,1,FALSE
"Apr 10, 2025 22:36:53.373082000 GMT Daylight Time",192.168.137.107,8.8.8.8,54819,53,ichnaea.netflix.com,1,FALSE
"Apr 10, 2025 22:36:53.373082000 GMT Daylight Time",192.168.137.107,192.168.137.1,57294,53,ichnaea.netflix.com,28,FALSE
"Apr 10, 2025 22:36:53.373082000 GMT Daylight Time",192.168.137.107,8.8.8.8,54819,53,ichnaea.netflix.com,28,FALSE
"Apr 10, 2025 22:36:53.373082000 GMT Daylight Time",192.168.137.107,192.168.137.1,57294,53,cdn-0.nflximg.com,1,FALSE
"Apr 10, 2025 22:36:53.373082000 GMT Daylight Time",192.168.137.107,8.8.8.8,54819,53,cdn-0.nflximg.com,1,FALSE
"Apr 10, 2025 22:36:53.373082000 GMT Daylight Time",192.168.137.107,192.168.137.1,57294,53,cdn-0.nflximg.com,28,FALSE
"Apr 10, 2025 22:36:53.373082000 GMT Daylight Time",192.168.137.107,8.8.8.8,54819,53,cdn-0.nflximg.com,28,FALSE
"Apr 10, 2025 22:36:53.373453000 GMT Daylight Time",192.168.137.1,192.168.137.107,53,57294,nrdp-cell4.prod.ftl.netflix.com,28,TRUE
"Apr 10, 2025 22:36:53.374289000 GMT Daylight Time",192.168.137.1,192.168.137.107,53,57294,api-global.netflix.com,28,TRUE
"Apr 10, 2025 22:36:53.374377000 GMT Daylight Time",192.168.137.1,192.168.137.107,53,57294,api-global.netflix.com,1,TRUE
"Apr 10, 2025 22:36:53.374655000 GMT Daylight Time",192.168.137.1,192.168.137.107,53,57294,secure.netflix.com,1,TRUE
"Apr 10, 2025 22:36:53.374750000 GMT Daylight Time",192.168.137.1,192.168.137.107,53,57294,secure.netflix.com,28,TRUE
"Apr 10, 2025 22:36:53.375835000 GMT Daylight Time",192.168.137.1,192.168.137.107,53,57294,customerevents.netflix.com,1,TRUE
"Apr 10, 2025 22:36:53.376192000 GMT Daylight Time",192.168.137.1,192.168.137.107,53,57294,customerevents.netflix.com,28,TRUE
"Apr 10, 2025 22:36:53.405075000 GMT Daylight Time",8.8.8.8,192.168.137.107,53,54819,nrdp51-appboot.netflix.com,1,TRUE
"Apr 10, 2025 22:36:53.411645000 GMT Daylight Time",8.8.8.8,192.168.137.107,53,54819,nrdp51-appboot.netflix.com,28,TRUE
"Apr 10, 2025 22:36:53.422651000 GMT Daylight Time",192.168.137.1,192.168.137.107,53,57294,ichnaea.netflix.com,1,TRUE
"Apr 10, 2025 22:36:53.423213000 GMT Daylight Time",192.168.137.1,192.168.137.107,53,57294,nrdp.prod.cloud.netflix.com,28,TRUE
"Apr 10, 2025 22:36:53.423495000 GMT Daylight Time",192.168.137.1,192.168.137.107,53,57294,cdn-0.nflximg.com,28,TRUE
"Apr 10, 2025 22:36:53.439995000 GMT Daylight Time",8.8.8.8,192.168.137.107,53,54819,uiboot.netflix.com,28,TRUE
"Apr 10, 2025 22:36:53.440053000 GMT Daylight Time",8.8.8.8,192.168.137.107,53,54819,nrdp-cell4.prod.ftl.netflix.com,28,TRUE
"Apr 10, 2025 22:36:53.440089000 GMT Daylight Time",8.8.8.8,192.168.137.107,53,54819,nrdp.prod.cloud.netflix.com,28,TRUE
"Apr 10, 2025 22:36:53.440123000 GMT Daylight Time",8.8.8.8,192.168.137.107,53,54819,customerevents.netflix.com,28,TRUE
"Apr 10, 2025 22:36:53.440158000 GMT Daylight Time",8.8.8.8,192.168.137.107,53,54819,uiboot.netflix.com,1,TRUE
"Apr 10, 2025 22:36:53.440192000 GMT Daylight Time",8.8.8.8,192.168.137.107,53,54819,nrdp.nccp.netflix.com,1,TRUE
"Apr 10, 2025 22:36:53.440225000 GMT Daylight Time",8.8.8.8,192.168.137.107,53,54819,nrdp-cell4.prod.ftl.netflix.com,1,TRUE
"Apr 10, 2025 22:36:53.440260000 GMT Daylight Time",8.8.8.8,192.168.137.107,53,54819,secure.netflix.com,1,TRUE
"Apr 10, 2025 22:36:53.440295000 GMT Daylight Time",8.8.8.8,192.168.137.107,53,54819,api-global.netflix.com,1,TRUE
"Apr 10, 2025 22:36:53.440328000 GMT Daylight Time",8.8.8.8,192.168.137.107,53,54819,nrdp.prod.cloud.netflix.com,1,TRUE
"Apr 10, 2025 22:36:53.440365000 GMT Daylight Time",8.8.8.8,192.168.137.107,53,54819,customerevents.netflix.com,1,TRUE
"Apr 10, 2025 22:36:53.440399000 GMT Daylight Time",8.8.8.8,192.168.137.107,53,54819,secure.netflix.com,28,TRUE
"Apr 10, 2025 22:36:53.440436000 GMT Daylight Time",8.8.8.8,192.168.137.107,53,54819,api-global.netflix.com,28,TRUE
"Apr 10, 2025 22:36:53.440470000 GMT Daylight Time",8.8.8.8,192.168.137.107,53,54819,nrdp.nccp.netflix.com,28,TRUE
"Apr 10, 2025 22:36:53.440502000 GMT Daylight Time",8.8.8.8,192.168.137.107,53,54819,ichnaea.netflix.com,28,TRUE
"Apr 10, 2025 22:36:53.440531000 GMT Daylight Time",8.8.8.8,192.168.137.107,53,54819,ichnaea.netflix.com,1,TRUE
"Apr 10, 2025 22:36:53.440586000 GMT Daylight Time",8.8.8.8,192.168.137.107,53,54819,cdn-0.nflximg.com,1,TRUE
"Apr 10, 2025 22:36:53.441638000 GMT Daylight Time",192.168.137.1,192.168.137.107,53,57294,nrdp.prod.cloud.netflix.com,1,TRUE
"Apr 10, 2025 22:36:53.441981000 GMT Daylight Time",192.168.137.1,192.168.137.107,53,57294,ichnaea.netflix.com,28,TRUE
"Apr 10, 2025 22:36:53.442316000 GMT Daylight Time",192.168.137.1,192.168.137.107,53,57294,uiboot.netflix.com,28,TRUE
"Apr 10, 2025 22:36:53.442668000 GMT Daylight Time",192.168.137.1,192.168.137.107,53,57294,cdn-0.nflximg.com,1,TRUE
"Apr 10, 2025 22:36:53.443027000 GMT Daylight Time",192.168.137.1,192.168.137.107,53,57294,uiboot.netflix.com,1,TRUE
"Apr 10, 2025 22:36:53.451361000 GMT Daylight Time",192.168.137.107,192.168.137.1,47552,53,LG-TV-2020.prod.partner.netflix.net,1,FALSE
"Apr 10, 2025 22:36:53.451361000 GMT Daylight Time",192.168.137.107,192.168.137.1,47552,53,LG-TV-2020.prod.partner.netflix.net,28,FALSE
"Apr 10, 2025 22:36:53.489643000 GMT Daylight Time",8.8.8.8,192.168.137.107,53,54819,cdn-0.nflximg.com,28,TRUE
"Apr 10, 2025 22:36:53.618197000 GMT Daylight Time",192.168.137.1,192.168.137.107,53,47552,LG-TV-2020.prod.partner.netflix.net,28,TRUE
"Apr 10, 2025 22:36:53.695682000 GMT Daylight Time",192.168.137.1,192.168.137.107,53,47552,LG-TV-2020.prod.partner.netflix.net,1,TRUE
"Apr 10, 2025 22:36:53.751480000 GMT Daylight Time",192.168.137.107,192.168.137.1,47552,53,eu-imp-pix.adstk.io,1,FALSE
"Apr 10, 2025 22:36:53.751480000 GMT Daylight Time",192.168.137.107,192.168.137.1,47552,53,eu-imp-pix.adstk.io,28,FALSE
"Apr 10, 2025 22:36:53.752363000 GMT Daylight Time",192.168.137.1,192.168.137.107,53,47552,eu-imp-pix.adstk.io,1,TRUE
"Apr 10, 2025 22:36:53.752856000 GMT Daylight Time",192.168.137.1,192.168.137.107,53,47552,eu-imp-pix.adstk.io,28,TRUE
"Apr 10, 2025 22:36:53.857315000 GMT Daylight Time",192.168.137.107,192.168.137.1,47552,53,rr3---sn-aigzrn7s.googlevideo.com,1,FALSE
"Apr 10, 2025 22:36:53.858205000 GMT Daylight Time",192.168.137.107,192.168.137.1,47552,53,rr3---sn-aigzrn7s.googlevideo.com,28,FALSE
"Apr 10, 2025 22:36:53.883893000 GMT Daylight Time",192.168.137.107,192.168.137.1,47552,53,static.doubleclick.net,1,FALSE
"Apr 10, 2025 22:36:53.883893000 GMT Daylight Time",192.168.137.107,192.168.137.1,47552,53,static.doubleclick.net,28,FALSE
"Apr 10, 2025 22:36:54.005433000 GMT Daylight Time",192.168.137.1,192.168.137.107,53,47552,rr3---sn-aigzrn7s.googlevideo.com,1,TRUE
"Apr 10, 2025 22:36:54.007706000 GMT Daylight Time",192.168.137.1,192.168.137.107,53,47552,static.doubleclick.net,1,TRUE
"Apr 10, 2025 22:36:54.007954000 GMT Daylight Time",192.168.137.1,192.168.137.107,53,47552,static.doubleclick.net,28,TRUE
"Apr 10, 2025 22:36:54.008052000 GMT Daylight Time",192.168.137.1,192.168.137.107,53,47552,rr3---sn-aigzrn7s.googlevideo.com,28,TRUE
"Apr 10, 2025 22:36:54.601026000 GMT Daylight Time",192.168.137.107,192.168.137.1,47552,53,gb.ad.lgsmartad.com,1,FALSE
"Apr 10, 2025 22:36:54.601026000 GMT Daylight Time",192.168.137.107,192.168.137.1,47552,53,gb.ad.lgsmartad.com,28,FALSE
"Apr 10, 2025 22:36:54.602592000 GMT Daylight Time",192.168.137.1,192.168.137.107,53,47552,gb.ad.lgsmartad.com,1,TRUE
"Apr 10, 2025 22:36:54.617012000 GMT Daylight Time",192.168.137.1,192.168.137.107,53,47552,gb.ad.lgsmartad.com,28,TRUE
"Apr 10, 2025 22:36:55.183619000 GMT Daylight Time",192.168.137.107,192.168.137.1,57294,53,logs.netflix.com,28,FALSE
"Apr 10, 2025 22:36:55.183619000 GMT Daylight Time",192.168.137.107,8.8.8.8,54819,53,logs.netflix.com,28,FALSE
"Apr 10, 2025 22:36:55.183619000 GMT Daylight Time",192.168.137.107,192.168.137.1,57294,53,logs.netflix.com,1,FALSE
"Apr 10, 2025 22:36:55.183619000 GMT Daylight Time",192.168.137.107,8.8.8.8,54819,53,logs.netflix.com,1,FALSE
"Apr 10, 2025 22:36:55.335306000 GMT Daylight Time",8.8.8.8,192.168.137.107,53,54819,logs.netflix.com,28,TRUE
"Apr 10, 2025 22:36:55.335361000 GMT Daylight Time",8.8.8.8,192.168.137.107,53,54819,logs.netflix.com,1,TRUE
"Apr 10, 2025 22:36:55.335869000 GMT Daylight Time",192.168.137.1,192.168.137.107,53,57294,logs.netflix.com,28,TRUE
"Apr 10, 2025 22:36:55.336427000 GMT Daylight Time",192.168.137.1,192.168.137.107,53,57294,logs.netflix.com,1,TRUE
"Apr 10, 2025 22:36:55.717747000 GMT Daylight Time",192.168.137.107,192.168.137.1,47552,53,www.google.com,1,FALSE
"Apr 10, 2025 22:36:55.717747000 GMT Daylight Time",192.168.137.107,192.168.137.1,47552,53,www.google.com,28,FALSE
"Apr 10, 2025 22:36:55.954929000 GMT Daylight Time",192.168.137.1,192.168.137.107,53,47552,www.google.com,28,TRUE
"Apr 10, 2025 22:36:55.955241000 GMT Daylight Time",192.168.137.1,192.168.137.107,53,47552,www.google.com,1,TRUE
"Apr 10, 2025 22:36:56.018470000 GMT Daylight Time",192.168.137.107,192.168.137.1,47552,53,clients1.google.com,1,FALSE
"Apr 10, 2025 22:36:56.018470000 GMT Daylight Time",192.168.137.107,192.168.137.1,47552,53,clients1.google.com,28,FALSE
"Apr 10, 2025 22:36:56.111913000 GMT Daylight Time",192.168.137.107,192.168.137.1,57294,53,preapp.prod.partner.netflix.net,1,FALSE
"Apr 10, 2025 22:36:56.111913000 GMT Daylight Time",192.168.137.107,8.8.8.8,54819,53,preapp.prod.partner.netflix.net,1,FALSE
"Apr 10, 2025 22:36:56.155804000 GMT Daylight Time",192.168.137.1,192.168.137.107,53,47552,clients1.google.com,1,TRUE
"Apr 10, 2025 22:36:56.156788000 GMT Daylight Time",192.168.137.1,192.168.137.107,53,47552,clients1.google.com,28,TRUE
"Apr 10, 2025 22:36:56.178166000 GMT Daylight Time",192.168.137.1,192.168.137.107,53,57294,preapp.prod.partner.netflix.net,1,TRUE
"Apr 10, 2025 22:36:56.178574000 GMT Daylight Time",8.8.8.8,192.168.137.107,53,54819,preapp.prod.partner.netflix.net,1,TRUE
"Apr 10, 2025 22:37:03.283947000 GMT Daylight Time",192.168.137.107,192.168.137.1,47552,53,GB.lgtvsdp.com,1,FALSE
"Apr 10, 2025 22:37:03.283947000 GMT Daylight Time",192.168.137.107,192.168.137.1,47552,53,GB.lgtvsdp.com,28,FALSE
"Apr 10, 2025 22:37:03.314277000 GMT Daylight Time",192.168.137.1,192.168.137.107,53,47552,GB.lgtvsdp.com,28,TRUE
"Apr 10, 2025 22:37:03.339800000 GMT Daylight Time",192.168.137.1,192.168.137.107,53,47552,GB.lgtvsdp.com,1,TRUE
"Apr 10, 2025 22:37:04.727158000 GMT Daylight Time",192.168.137.107,192.168.137.1,47552,53,GB.lgtvsdp.com,1,FALSE
"Apr 10, 2025 22:37:04.727158000 GMT Daylight Time",192.168.137.107,192.168.137.1,47552,53,GB.lgtvsdp.com,28,FALSE
"Apr 10, 2025 22:37:04.728454000 GMT Daylight Time",192.168.137.1,192.168.137.107,53,47552,GB.lgtvsdp.com,1,TRUE
"Apr 10, 2025 22:37:04.745318000 GMT Daylight Time",192.168.137.1,192.168.137.107,53,47552,GB.lgtvsdp.com,28,TRUE
"Apr 10, 2025 22:37:09.957040000 GMT Daylight Time",192.168.137.107,192.168.137.1,47552,53,GB.lgtvsdp.com,1,FALSE
"Apr 10, 2025 22:37:09.957040000 GMT Daylight Time",192.168.137.107,192.168.137.1,47552,53,GB.lgtvsdp.com,28,FALSE
"Apr 10, 2025 22:37:09.957975000 GMT Daylight Time",192.168.137.1,192.168.137.107,53,47552,GB.lgtvsdp.com,1,TRUE
"Apr 10, 2025 22:37:09.967810000 GMT Daylight Time",192.168.137.1,192.168.137.107,53,47552,GB.lgtvsdp.com,28,TRUE
"Apr 10, 2025 22:37:10.878560000 GMT Daylight Time",192.168.137.107,192.168.137.1,47552,53,GB.lgtvsdp.com,1,FALSE
"Apr 10, 2025 22:37:10.878560000 GMT Daylight Time",192.168.137.107,192.168.137.1,47552,53,GB.lgtvsdp.com,28,FALSE
"Apr 10, 2025 22:37:10.879744000 GMT Daylight Time",192.168.137.1,192.168.137.107,53,47552,GB.lgtvsdp.com,1,TRUE
"Apr 10, 2025 22:37:10.890266000 GMT Daylight Time",192.168.137.1,192.168.137.107,53,47552,GB.lgtvsdp.com,28,TRUE
"Apr 10, 2025 22:37:14.436509000 GMT Daylight Time",192.168.137.107,192.168.137.1,57294,53,nrdp51-appboot.netflix.com,1,FALSE
"Apr 10, 2025 22:37:14.437426000 GMT Daylight Time",192.168.137.107,8.8.8.8,54819,53,nrdp51-appboot.netflix.com,1,FALSE
"Apr 10, 2025 22:37:14.442525000 GMT Daylight Time",192.168.137.107,192.168.137.1,57294,53,nrdp51-appboot.netflix.com,28,FALSE
"Apr 10, 2025 22:37:14.442803000 GMT Daylight Time",192.168.137.107,8.8.8.8,54819,53,nrdp51-appboot.netflix.com,28,FALSE
"Apr 10, 2025 22:37:14.453384000 GMT Daylight Time",192.168.137.107,192.168.137.1,57294,53,nrdp.nccp.netflix.com,1,FALSE
"Apr 10, 2025 22:37:14.453714000 GMT Daylight Time",192.168.137.107,8.8.8.8,54819,53,nrdp.nccp.netflix.com,1,FALSE
"Apr 10, 2025 22:37:14.454016000 GMT Daylight Time",192.168.137.107,192.168.137.1,57294,53,nrdp.nccp.netflix.com,28,FALSE
"Apr 10, 2025 22:37:14.454016000 GMT Daylight Time",192.168.137.107,8.8.8.8,54819,53,nrdp.nccp.netflix.com,28,FALSE
"Apr 10, 2025 22:37:14.454016000 GMT Daylight Time",192.168.137.107,192.168.137.1,57294,53,nrdp-cell4.prod.ftl.netflix.com,1,FALSE
"Apr 10, 2025 22:37:14.454016000 GMT Daylight Time",192.168.137.107,8.8.8.8,54819,53,nrdp-cell4.prod.ftl.netflix.com,1,FALSE
"Apr 10, 2025 22:37:14.454640000 GMT Daylight Time",192.168.137.1,192.168.137.107,53,57294,nrdp-cell4.prod.ftl.netflix.com,1,TRUE
"Apr 10, 2025 22:37:14.455697000 GMT Daylight Time",192.168.137.107,192.168.137.1,57294,53,nrdp-cell4.prod.ftl.netflix.com,28,FALSE
"Apr 10, 2025 22:37:14.455962000 GMT Daylight Time",192.168.137.107,8.8.8.8,54819,53,nrdp-cell4.prod.ftl.netflix.com,28,FALSE
"Apr 10, 2025 22:37:14.455962000 GMT Daylight Time",192.168.137.107,192.168.137.1,57294,53,nrdp.prod.cloud.netflix.com,1,FALSE
"Apr 10, 2025 22:37:14.455962000 GMT Daylight Time",192.168.137.107,8.8.8.8,54819,53,nrdp.prod.cloud.netflix.com,1,FALSE
"Apr 10, 2025 22:37:14.455962000 GMT Daylight Time",192.168.137.107,192.168.137.1,57294,53,nrdp.prod.cloud.netflix.com,28,FALSE
"Apr 10, 2025 22:37:14.455962000 GMT Daylight Time",192.168.137.107,8.8.8.8,54819,53,nrdp.prod.cloud.netflix.com,28,FALSE
"Apr 10, 2025 22:37:14.456025000 GMT Daylight Time",192.168.137.1,192.168.137.107,53,57294,nrdp-cell4.prod.ftl.netflix.com,28,TRUE
"Apr 10, 2025 22:37:14.456437000 GMT Daylight Time",192.168.137.1,192.168.137.107,53,57294,nrdp.prod.cloud.netflix.com,1,TRUE
"Apr 10, 2025 22:37:14.456504000 GMT Daylight Time",192.168.137.1,192.168.137.107,53,57294,nrdp.prod.cloud.netflix.com,28,TRUE
"Apr 10, 2025 22:37:14.456630000 GMT Daylight Time",192.168.137.107,192.168.137.1,57294,53,api-global.netflix.com,1,FALSE
"Apr 10, 2025 22:37:14.456630000 GMT Daylight Time",192.168.137.107,8.8.8.8,54819,53,api-global.netflix.com,1,FALSE
"Apr 10, 2025 22:37:14.456630000 GMT Daylight Time",192.168.137.107,192.168.137.1,57294,53,api-global.netflix.com,28,FALSE
"Apr 10, 2025 22:37:14.457877000 GMT Daylight Time",192.168.137.107,8.8.8.8,54819,53,api-global.netflix.com,28,FALSE
"Apr 10, 2025 22:37:14.457877000 GMT Daylight Time",192.168.137.107,192.168.137.1,57294,53,secure.netflix.com,1,FALSE
"Apr 10, 2025 22:37:14.457877000 GMT Daylight Time",192.168.137.107,8.8.8.8,54819,53,secure.netflix.com,1,FALSE
"Apr 10, 2025 22:37:14.457877000 GMT Daylight Time",192.168.137.107,192.168.137.1,57294,53,secure.netflix.com,28,FALSE
"Apr 10, 2025 22:37:14.457877000 GMT Daylight Time",192.168.137.107,8.8.8.8,54819,53,secure.netflix.com,28,FALSE
"Apr 10, 2025 22:37:14.457877000 GMT Daylight Time",192.168.137.107,192.168.137.1,57294,53,uiboot.netflix.com,1,FALSE
"Apr 10, 2025 22:37:14.457877000 GMT Daylight Time",192.168.137.107,8.8.8.8,54819,53,uiboot.netflix.com,1,FALSE
"Apr 10, 2025 22:37:14.457877000 GMT Daylight Time",192.168.137.107,192.168.137.1,57294,53,uiboot.netflix.com,28,FALSE
"Apr 10, 2025 22:37:14.457877000 GMT Daylight Time",192.168.137.107,8.8.8.8,54819,53,uiboot.netflix.com,28,FALSE
"Apr 10, 2025 22:37:14.457877000 GMT Daylight Time",192.168.137.107,192.168.137.1,57294,53,customerevents.netflix.com,1,FALSE
"Apr 10, 2025 22:37:14.457877000 GMT Daylight Time",192.168.137.107,8.8.8.8,54819,53,customerevents.netflix.com,1,FALSE
"Apr 10, 2025 22:37:14.457877000 GMT Daylight Time",192.168.137.107,192.168.137.1,57294,53,customerevents.netflix.com,28,FALSE
"Apr 10, 2025 22:37:14.457877000 GMT Daylight Time",192.168.137.107,8.8.8.8,54819,53,customerevents.netflix.com,28,FALSE
"Apr 10, 2025 22:37:14.457877000 GMT Daylight Time",192.168.137.107,192.168.137.1,57294,53,ichnaea.netflix.com,1,FALSE
"Apr 10, 2025 22:37:14.457877000 GMT Daylight Time",192.168.137.107,8.8.8.8,54819,53,ichnaea.netflix.com,1,FALSE
"Apr 10, 2025 22:37:14.457877000 GMT Daylight Time",192.168.137.107,192.168.137.1,57294,53,ichnaea.netflix.com,28,FALSE
"Apr 10, 2025 22:37:14.458258000 GMT Daylight Time",192.168.137.107,8.8.8.8,54819,53,ichnaea.netflix.com,28,FALSE
"Apr 10, 2025 22:37:14.458258000 GMT Daylight Time",192.168.137.107,192.168.137.1,57294,53,cdn-0.nflximg.com,1,FALSE
"Apr 10, 2025 22:37:14.458258000 GMT Daylight Time",192.168.137.107,8.8.8.8,54819,53,cdn-0.nflximg.com,1,FALSE
"Apr 10, 2025 22:37:14.458258000 GMT Daylight Time",192.168.137.107,192.168.137.1,57294,53,cdn-0.nflximg.com,28,FALSE
"Apr 10, 2025 22:37:14.458824000 GMT Daylight Time",192.168.137.1,192.168.137.107,53,57294,secure.netflix.com,28,TRUE
"Apr 10, 2025 22:37:14.459135000 GMT Daylight Time",192.168.137.1,192.168.137.107,53,57294,uiboot.netflix.com,1,TRUE
"Apr 10, 2025 22:37:14.459228000 GMT Daylight Time",192.168.137.1,192.168.137.107,53,57294,uiboot.netflix.com,28,TRUE
"Apr 10, 2025 22:37:14.459323000 GMT Daylight Time",192.168.137.1,192.168.137.107,53,57294,secure.netflix.com,1,TRUE
"Apr 10, 2025 22:37:14.460035000 GMT Daylight Time",192.168.137.1,192.168.137.107,53,57294,ichnaea.netflix.com,1,TRUE
"Apr 10, 2025 22:37:14.460301000 GMT Daylight Time",192.168.137.1,192.168.137.107,53,57294,ichnaea.netflix.com,28,TRUE
"Apr 10, 2025 22:37:14.461115000 GMT Daylight Time",192.168.137.107,8.8.8.8,54819,53,cdn-0.nflximg.com,28,FALSE
"Apr 10, 2025 22:37:14.507438000 GMT Daylight Time",8.8.8.8,192.168.137.107,53,54819,nrdp51-appboot.netflix.com,1,TRUE
"Apr 10, 2025 22:37:14.507888000 GMT Daylight Time",192.168.137.1,192.168.137.107,53,57294,nrdp51-appboot.netflix.com,1,TRUE
"Apr 10, 2025 22:37:14.509319000 GMT Daylight Time",192.168.137.1,192.168.137.107,53,57294,nrdp51-appboot.netflix.com,28,TRUE
"Apr 10, 2025 22:37:14.575637000 GMT Daylight Time",8.8.8.8,192.168.137.107,53,54819,nrdp51-appboot.netflix.com,28,TRUE
"Apr 10, 2025 22:37:14.575736000 GMT Daylight Time",8.8.8.8,192.168.137.107,53,54819,nrdp.nccp.netflix.com,28,TRUE
"Apr 10, 2025 22:37:14.575773000 GMT Daylight Time",8.8.8.8,192.168.137.107,53,54819,api-global.netflix.com,28,TRUE
"Apr 10, 2025 22:37:14.575805000 GMT Daylight Time",8.8.8.8,192.168.137.107,53,54819,ichnaea.netflix.com,28,TRUE
"Apr 10, 2025 22:37:14.575834000 GMT Daylight Time",8.8.8.8,192.168.137.107,53,54819,customerevents.netflix.com,1,TRUE
"Apr 10, 2025 22:37:14.575864000 GMT Daylight Time",8.8.8.8,192.168.137.107,53,54819,nrdp-cell4.prod.ftl.netflix.com,28,TRUE
"Apr 10, 2025 22:37:14.575893000 GMT Daylight Time",8.8.8.8,192.168.137.107,53,54819,customerevents.netflix.com,28,TRUE
"Apr 10, 2025 22:37:14.575921000 GMT Daylight Time",8.8.8.8,192.168.137.107,53,54819,uiboot.netflix.com,28,TRUE
"Apr 10, 2025 22:37:14.575949000 GMT Daylight Time",8.8.8.8,192.168.137.107,53,54819,secure.netflix.com,1,TRUE
"Apr 10, 2025 22:37:14.575978000 GMT Daylight Time",8.8.8.8,192.168.137.107,53,54819,api-global.netflix.com,1,TRUE
"Apr 10, 2025 22:37:14.576011000 GMT Daylight Time",8.8.8.8,192.168.137.107,53,54819,uiboot.netflix.com,1,TRUE
"Apr 10, 2025 22:37:14.576039000 GMT Daylight Time",8.8.8.8,192.168.137.107,53,54819,ichnaea.netflix.com,1,TRUE
"Apr 10, 2025 22:37:14.576066000 GMT Daylight Time",8.8.8.8,192.168.137.107,53,54819,nrdp.prod.cloud.netflix.com,28,TRUE
"Apr 10, 2025 22:37:14.576093000 GMT Daylight Time",8.8.8.8,192.168.137.107,53,54819,secure.netflix.com,28,TRUE
"Apr 10, 2025 22:37:14.576122000 GMT Daylight Time",8.8.8.8,192.168.137.107,53,54819,nrdp.nccp.netflix.com,1,TRUE
"Apr 10, 2025 22:37:14.576150000 GMT Daylight Time",8.8.8.8,192.168.137.107,53,54819,nrdp.prod.cloud.netflix.com,1,TRUE
"Apr 10, 2025 22:37:14.576214000 GMT Daylight Time",8.8.8.8,192.168.137.107,53,54819,nrdp-cell4.prod.ftl.netflix.com,1,TRUE
"Apr 10, 2025 22:37:14.576245000 GMT Daylight Time",8.8.8.8,192.168.137.107,53,54819,cdn-0.nflximg.com,1,TRUE
"Apr 10, 2025 22:37:14.576274000 GMT Daylight Time",8.8.8.8,192.168.137.107,53,54819,cdn-0.nflximg.com,28,TRUE
"Apr 10, 2025 22:37:14.578686000 GMT Daylight Time",192.168.137.1,192.168.137.107,53,57294,customerevents.netflix.com,28,TRUE
"Apr 10, 2025 22:37:14.578887000 GMT Daylight Time",192.168.137.1,192.168.137.107,53,57294,cdn-0.nflximg.com,1,TRUE
"Apr 10, 2025 22:37:14.579205000 GMT Daylight Time",192.168.137.1,192.168.137.107,53,57294,api-global.netflix.com,1,TRUE
"Apr 10, 2025 22:37:14.579297000 GMT Daylight Time",192.168.137.1,192.168.137.107,53,57294,cdn-0.nflximg.com,28,TRUE
"Apr 10, 2025 22:37:14.579499000 GMT Daylight Time",192.168.137.1,192.168.137.107,53,57294,customerevents.netflix.com,1,TRUE
"Apr 10, 2025 22:37:14.579833000 GMT Daylight Time",192.168.137.1,192.168.137.107,53,57294,api-global.netflix.com,28,TRUE
"Apr 10, 2025 22:37:14.580190000 GMT Daylight Time",192.168.137.1,192.168.137.107,53,57294,nrdp.nccp.netflix.com,1,TRUE
"Apr 10, 2025 22:37:14.580525000 GMT Daylight Time",192.168.137.1,192.168.137.107,53,57294,nrdp.nccp.netflix.com,28,TRUE
"Apr 10, 2025 22:37:15.870109000 GMT Daylight Time",192.168.137.107,192.168.137.1,47552,53,api.amazon.com,1,FALSE
"Apr 10, 2025 22:37:15.870109000 GMT Daylight Time",192.168.137.107,192.168.137.1,47552,53,api.amazon.com,28,FALSE
"Apr 10, 2025 22:37:15.926182000 GMT Daylight Time",192.168.137.1,192.168.137.107,53,47552,api.amazon.com,28,TRUE
"Apr 10, 2025 22:37:15.954056000 GMT Daylight Time",192.168.137.1,192.168.137.107,53,47552,api.amazon.com,1,TRUE
"Apr 10, 2025 22:37:16.397574000 GMT Daylight Time",192.168.137.107,192.168.137.1,57294,53,logs.netflix.com,28,FALSE
"Apr 10, 2025 22:37:16.397958000 GMT Daylight Time",192.168.137.107,8.8.8.8,54819,53,logs.netflix.com,28,FALSE
"Apr 10, 2025 22:37:16.398463000 GMT Daylight Time",192.168.137.107,192.168.137.1,57294,53,logs.netflix.com,1,FALSE
"Apr 10, 2025 22:37:16.398649000 GMT Daylight Time",192.168.137.1,192.168.137.107,53,57294,logs.netflix.com,28,TRUE
"Apr 10, 2025 22:37:16.398717000 GMT Daylight Time",192.168.137.107,8.8.8.8,54819,53,logs.netflix.com,1,FALSE
"Apr 10, 2025 22:37:16.750797000 GMT Daylight Time",8.8.8.8,192.168.137.107,53,54819,logs.netflix.com,28,TRUE
"Apr 10, 2025 22:37:16.750838000 GMT Daylight Time",8.8.8.8,192.168.137.107,53,54819,logs.netflix.com,1,TRUE
"Apr 10, 2025 22:37:16.751392000 GMT Daylight Time",192.168.137.1,192.168.137.107,53,57294,logs.netflix.com,1,TRUE
"Apr 10, 2025 22:37:17.210969000 GMT Daylight Time",192.168.137.107,192.168.137.1,57294,53,preapp.prod.partner.netflix.net,1,FALSE
"Apr 10, 2025 22:37:17.210969000 GMT Daylight Time",192.168.137.107,8.8.8.8,54819,53,preapp.prod.partner.netflix.net,1,FALSE
"Apr 10, 2025 22:37:17.211984000 GMT Daylight Time",192.168.137.1,192.168.137.107,53,57294,preapp.prod.partner.netflix.net,1,TRUE
"Apr 10, 2025 22:37:17.305905000 GMT Daylight Time",192.168.137.107,192.168.137.1,47552,53,ign-ab6mi2q1s9jsl-11d1d2021120811davpk-04d60d462d1d2lg5d3d3.api.amazonvideo.com,1,FALSE
"Apr 10, 2025 22:37:17.305905000 GMT Daylight Time",192.168.137.107,192.168.137.1,47552,53,ign-ab6mi2q1s9jsl-11d1d2021120811davpk-04d60d462d1d2lg5d3d3.api.amazonvideo.com,28,FALSE
"Apr 10, 2025 22:37:17.343185000 GMT Daylight Time",8.8.8.8,192.168.137.107,53,54819,preapp.prod.partner.netflix.net,1,TRUE
"Apr 10, 2025 22:37:17.453392000 GMT Daylight Time",192.168.137.1,192.168.137.107,53,47552,ign-ab6mi2q1s9jsl-11d1d2021120811davpk-04d60d462d1d2lg5d3d3.api.amazonvideo.com,28,TRUE
"Apr 10, 2025 22:37:17.453802000 GMT Daylight Time",192.168.137.1,192.168.137.107,53,47552,ign-ab6mi2q1s9jsl-11d1d2021120811davpk-04d60d462d1d2lg5d3d3.api.amazonvideo.com,1,TRUE
